File,Method Name,Cyclomatic Complexity,Source Lines of Code,Mutant Density
scrapy/extension,ExtensionManager._get_mwlist_from_settings,1,3,2
scrapy/logformatter,LogFormatter.crawled,1,15,24
scrapy/logformatter,LogFormatter.scraped,2,12,11
scrapy/logformatter,LogFormatter.dropped,1,8,10
scrapy/logformatter,LogFormatter.item_error,1,7,8
scrapy/logformatter,LogFormatter.spider_error,1,8,10
scrapy/logformatter,LogFormatter.download_error,2,12,11
scrapy/robotstxt,PythonRobotParser.from_crawler,1,7,1
scrapy/robotstxt,ReppyRobotParser.__init__,1,5,1
scrapy/robotstxt,ReppyRobotParser.from_crawler,1,7,1
scrapy/robotstxt,RerpRobotParser.from_crawler,1,7,1
scrapy/robotstxt,ProtegoRobotParser.from_crawler,1,7,1
scrapy/pqueues,ScrapyPriorityQueue.init_prios,3,8,2
scrapy/pqueues,ScrapyPriorityQueue.qfactory,1,6,4
scrapy/pqueues,ScrapyPriorityQueue.priority,1,3,2
scrapy/pqueues,ScrapyPriorityQueue.push,3,13,6
scrapy/pqueues,ScrapyPriorityQueue.pop,3,15,3
scrapy/pqueues,ScrapyPriorityQueue.peek,2,8,1
scrapy/pqueues,ScrapyPriorityQueue.__len__,1,3,1
scrapy/pqueues,DownloaderInterface._active_downloads,2,6,3
scrapy/pqueues,DownloaderAwarePriorityQueue.__init__,4,18,17
scrapy/pqueues,DownloaderAwarePriorityQueue.pqfactory,1,7,4
scrapy/pqueues,DownloaderAwarePriorityQueue.pop,3,13,6
scrapy/pqueues,DownloaderAwarePriorityQueue.push,2,8,2
scrapy/pqueues,DownloaderAwarePriorityQueue.peek,2,10,3
scrapy/pqueues,DownloaderAwarePriorityQueue.__len__,1,3,1
scrapy/pqueues,DownloaderAwarePriorityQueue.__contains__,1,3,1
scrapy/exceptions,CloseSpider.__init__,1,4,2
scrapy/exceptions,UsageError.__init__,1,4,2
scrapy/crawler,Crawler.__init__,8,46,27
scrapy/crawler,Crawler.crawl,5,18,6
scrapy/crawler,Crawler.stop,2,7,1
scrapy/crawler,CrawlerRunner._get_spider_loader,3,16,7
scrapy/crawler,CrawlerRunner.__init__,2,11,2
scrapy/crawler,CrawlerRunner.spiders,1,7,3
scrapy/crawler,CrawlerRunner.crawl,2,8,3
scrapy/crawler,CrawlerRunner.create_crawler,3,8,4
scrapy/crawler,CrawlerRunner._create_crawler,2,5,1
scrapy/crawler,CrawlerRunner.join,2,5,1
scrapy/crawler,CrawlerProcess._signal_shutdown,1,9,4
scrapy/crawler,CrawlerProcess._signal_kill,1,8,4
scrapy/crawler,CrawlerProcess._create_crawler,2,8,2
scrapy/crawler,CrawlerProcess.start,4,18,11
scrapy/crawler,CrawlerProcess._stop_reactor,3,6,1
scrapy/item,ItemMeta.__new__,5,20,19
scrapy/item,Item.__init__,3,7,2
scrapy/item,Item.__setitem__,2,6,4
scrapy/item,Item.__getattr__,2,5,6
scrapy/item,Item.__setattr__,2,5,10
scrapy/resolver,CachingThreadedResolver.from_crawler,2,6,8
scrapy/resolver,CachingThreadedResolver.getHostByName,3,10,3
scrapy/resolver,_CachingResolutionReceiver.resolutionComplete,2,5,1
scrapy/resolver,CachingHostnameResolver.from_crawler,2,7,6
scrapy/resolver,CachingHostnameResolver.resolveHostName,4,22,5
scrapy/shell,Shell.__init__,1,10,4
scrapy/shell,Shell.start,7,26,25
scrapy/shell,Shell._schedule,2,10,3
scrapy/shell,Shell._open_spider,3,12,3
scrapy/shell,Shell.fetch,5,18,9
scrapy/shell,Shell.populate_vars,3,18,25
scrapy/shell,Shell.get_help,4,18,26
scrapy/shell,Shell._is_relevant,1,3,1
scrapy/signalmanager,SignalManager.connect,1,4,2
scrapy/signalmanager,SignalManager.disconnect,1,4,2
scrapy/signalmanager,SignalManager.send_catch_log,1,4,2
scrapy/signalmanager,SignalManager.send_catch_log_deferred,1,4,2
scrapy/signalmanager,SignalManager.disconnect_all,1,4,2
scrapy/statscollectors,StatsCollector.__init__,1,4,2
scrapy/statscollectors,StatsCollector.inc_value,1,5,3
scrapy/statscollectors,StatsCollector.close_spider,2,7,6
scrapy/statscollectors,DummyStatsCollector.inc_value,1,1,2
scrapy/spiderloader,SpiderLoader.__init__,1,7,4
scrapy/spiderloader,SpiderLoader._check_name_duplicates,3,14,18
scrapy/spiderloader,SpiderLoader._load_all_spiders,6,13,9
scrapy/spiderloader,SpiderLoader.load,3,6,3
scrapy/mail,MailSender.__init__,1,19,5
scrapy/mail,MailSender.from_settings,1,10,14
scrapy/mail,MailSender.send,8,57,49
scrapy/mail,MailSender._sent_ok,1,8,10
scrapy/mail,MailSender._sent_failed,1,11,12
scrapy/mail,MailSender._sendmail,2,11,1
scrapy/mail,MailSender._create_sender_factory,2,20,16
scrapy/cmdline,ScrapyArgumentParser._parse_optional,2,4,6
scrapy/dupefilters,RFPDupeFilter.__init__,2,18,9
scrapy/dupefilters,RFPDupeFilter.from_settings,3,14,6
scrapy/dupefilters,RFPDupeFilter.from_crawler,3,14,4
scrapy/dupefilters,RFPDupeFilter.request_seen,3,11,6
scrapy/dupefilters,RFPDupeFilter.close,2,3,1
scrapy/dupefilters,RFPDupeFilter.log,3,12,18
scrapy/exporters,BaseItemExporter._configure,2,10,15
scrapy/exporters,BaseItemExporter.serialize_field,1,4,2
scrapy/exporters,BaseItemExporter._get_serialized_fields,10,28,11
scrapy/exporters,JsonLinesItemExporter.__init__,1,7,3
scrapy/exporters,JsonLinesItemExporter.export_item,1,6,3
scrapy/exporters,JsonItemExporter.__init__,1,14,9
scrapy/exporters,JsonItemExporter._beautify_newline,2,4,1
scrapy/exporters,JsonItemExporter.export_item,2,9,1
scrapy/exporters,XmlItemExporter.__init__,2,9,12
scrapy/exporters,XmlItemExporter._beautify_newline,2,7,8
scrapy/exporters,XmlItemExporter._beautify_indent,2,4,10
scrapy/exporters,XmlItemExporter.export_item,2,10,4
scrapy/exporters,XmlItemExporter._export_xml_field,6,20,11
scrapy/exporters,CsvItemExporter.__init__,2,23,7
scrapy/exporters,CsvItemExporter.serialize_field,1,4,2
scrapy/exporters,CsvItemExporter._join_if_needed,4,7,2
scrapy/exporters,CsvItemExporter.export_item,2,8,2
scrapy/exporters,CsvItemExporter._build_row,4,7,2
scrapy/exporters,CsvItemExporter._write_headers_and_set_fields_to_export,4,11,4
scrapy/exporters,PickleItemExporter.__init__,1,5,1
scrapy/exporters,PprintItemExporter.export_item,1,5,3
scrapy/exporters,PythonItemExporter._configure,3,11,9
scrapy/exporters,PythonItemExporter.serialize_field,1,4,2
scrapy/exporters,PythonItemExporter._serialize_value,5,12,4
scrapy/exporters,PythonItemExporter.export_item,2,6,1
scrapy/link,Link.__init__,2,9,6
scrapy/link,Link.__eq__,1,7,5
scrapy/link,Link.__hash__,1,3,3
scrapy/link,Link.__repr__,1,3,10
scrapy/middleware,MiddlewareManager.from_settings,5,26,25
scrapy/middleware,MiddlewareManager._add_middleware,3,5,10
scrapy/middleware,MiddlewareManager.open_spider,1,2,2
scrapy/middleware,MiddlewareManager.close_spider,1,2,2
scrapy/responsetypes,ResponseTypes.__init__,2,8,6
scrapy/responsetypes,ResponseTypes.from_mimetype,3,11,8
scrapy/responsetypes,ResponseTypes.from_content_type,2,7,4
scrapy/responsetypes,ResponseTypes.from_content_disposition,3,11,14
scrapy/responsetypes,ResponseTypes.from_headers,3,13,5
scrapy/responsetypes,ResponseTypes.from_filename,2,9,3
scrapy/responsetypes,ResponseTypes.from_body,5,17,20
scrapy/responsetypes,ResponseTypes.from_args,5,16,7
scrapy/pipelines/files,FSFilesStore.__init__,2,8,8
scrapy/pipelines/files,FSFilesStore.stat_file,3,10,8
scrapy/pipelines/files,FSFilesStore._get_filesystem_path,1,4,2
scrapy/pipelines/files,FSFilesStore._mkdir,3,9,4
scrapy/pipelines/files,S3FilesStore.__init__,3,19,19
scrapy/pipelines/files,S3FilesStore.persist_file,2,17,3
scrapy/pipelines/files,S3FilesStore._headers_to_botocore_kwargs,4,38,105
scrapy/pipelines/files,GCSFilesStore.__init__,3,18,25
scrapy/pipelines/files,GCSFilesStore._get_content_type,2,6,9
scrapy/pipelines/files,GCSFilesStore._get_blob_path,1,3,1
scrapy/pipelines/files,GCSFilesStore.persist_file,1,12,1
scrapy/pipelines/files,FTPFilesStore.__init__,2,12,14
scrapy/pipelines/files,FTPFilesStore.persist_file,1,12,2
scrapy/pipelines/files,FilesPipeline.__init__,5,22,20
scrapy/pipelines/files,FilesPipeline.from_settings,1,22,35
scrapy/pipelines/files,FilesPipeline._get_store,2,7,3
scrapy/pipelines/files,FilesPipeline.media_to_download,5,38,5
scrapy/pipelines/files,FilesPipeline.media_failed,2,14,14
scrapy/pipelines/files,FilesPipeline.media_downloaded,6,46,74
scrapy/pipelines/files,FilesPipeline.inc_stats,1,3,4
scrapy/pipelines/files,FilesPipeline.file_downloaded,1,8,1
scrapy/pipelines/files,FilesPipeline.file_path,3,11,7
scrapy/pipelines/images,NoimagesDrop.__init__,1,6,3
scrapy/pipelines/images,ImagesPipeline.__init__,6,30,27
scrapy/pipelines/images,ImagesPipeline.from_settings,1,22,35
scrapy/pipelines/images,ImagesPipeline.image_downloaded,3,15,10
scrapy/pipelines/images,ImagesPipeline.get_images,7,31,25
scrapy/pipelines/images,ImagesPipeline.convert_image,9,35,50
scrapy/pipelines/images,ImagesPipeline.file_path,1,4,4
scrapy/pipelines/images,ImagesPipeline.thumb_path,1,4,6
scrapy/downloadermiddlewares/ajaxcrawl,AjaxCrawlMiddleware.__init__,2,6,7
scrapy/downloadermiddlewares/ajaxcrawl,AjaxCrawlMiddleware.process_response,5,20,28
scrapy/downloadermiddlewares/ajaxcrawl,AjaxCrawlMiddleware._has_ajax_crawlable_variant,1,5,1
scrapy/downloadermiddlewares/httpproxy,HttpProxyMiddleware.__init__,4,9,5
scrapy/downloadermiddlewares/httpproxy,HttpProxyMiddleware.from_crawler,2,8,6
scrapy/downloadermiddlewares/httpproxy,HttpProxyMiddleware._basic_auth_header,1,4,2
scrapy/downloadermiddlewares/httpproxy,HttpProxyMiddleware._get_proxy,2,8,6
scrapy/downloadermiddlewares/httpproxy,HttpProxyMiddleware.process_request,5,20,21
scrapy/downloadermiddlewares/httpproxy,HttpProxyMiddleware._set_proxy_and_creds,9,20,29
scrapy/downloadermiddlewares/robotstxt,RobotsTxtMiddleware.__init__,2,10,12
scrapy/downloadermiddlewares/robotstxt,RobotsTxtMiddleware.process_request,3,9,9
scrapy/downloadermiddlewares/robotstxt,RobotsTxtMiddleware.process_request_2,4,16,15
scrapy/downloadermiddlewares/robotstxt,RobotsTxtMiddleware.robot_parser,4,26,11
scrapy/downloadermiddlewares/robotstxt,RobotsTxtMiddleware._logerror,2,9,9
scrapy/downloadermiddlewares/robotstxt,RobotsTxtMiddleware._parse_robots,1,9,4
scrapy/downloadermiddlewares/robotstxt,RobotsTxtMiddleware._robots_error,2,9,3
scrapy/downloadermiddlewares/decompression,DecompressionMiddleware.__init__,1,7,8
scrapy/downloadermiddlewares/decompression,DecompressionMiddleware._is_tar,3,10,4
scrapy/downloadermiddlewares/decompression,DecompressionMiddleware._is_zip,3,11,4
scrapy/downloadermiddlewares/decompression,DecompressionMiddleware._is_gzip,3,9,2
scrapy/downloadermiddlewares/decompression,DecompressionMiddleware._is_bzip2,3,8,2
scrapy/downloadermiddlewares/decompression,DecompressionMiddleware.process_response,4,14,9
scrapy/downloadermiddlewares/stats,DownloaderStats.from_crawler,2,6,4
scrapy/downloadermiddlewares/stats,DownloaderStats.process_request,1,7,6
scrapy/downloadermiddlewares/stats,DownloaderStats.process_response,1,13,10
scrapy/downloadermiddlewares/stats,DownloaderStats.process_exception,1,6,4
scrapy/downloadermiddlewares/defaultheaders,DefaultHeadersMiddleware.from_crawler,1,5,2
scrapy/downloadermiddlewares/retry,RetryMiddleware.__init__,2,9,10
scrapy/downloadermiddlewares/retry,RetryMiddleware.process_response,3,10,6
scrapy/downloadermiddlewares/retry,RetryMiddleware.process_exception,2,6,5
scrapy/downloadermiddlewares/retry,RetryMiddleware._retry,1,10,4
scrapy/downloadermiddlewares/httpcache,HttpCacheMiddleware.__init__,2,8,10
scrapy/downloadermiddlewares/httpcache,HttpCacheMiddleware.process_request,6,22,22
scrapy/downloadermiddlewares/httpcache,HttpCacheMiddleware.process_response,6,25,29
scrapy/downloadermiddlewares/httpcache,HttpCacheMiddleware.process_exception,2,12,6
scrapy/downloadermiddlewares/httpcache,HttpCacheMiddleware._cache_response,2,11,5
scrapy/downloadermiddlewares/redirect,BaseRedirectMiddleware.__init__,2,7,6
scrapy/downloadermiddlewares/redirect,BaseRedirectMiddleware._redirect,2,28,46
scrapy/downloadermiddlewares/redirect,BaseRedirectMiddleware._redirect_request_using_get,1,10,7
scrapy/downloadermiddlewares/redirect,RedirectMiddleware.process_response,5,25,43
scrapy/downloadermiddlewares/redirect,MetaRefreshMiddleware.__init__,1,5,4
scrapy/downloadermiddlewares/redirect,MetaRefreshMiddleware.process_response,3,15,14
scrapy/downloadermiddlewares/httpcompression,HttpCompressionMiddleware.from_crawler,4,15,8
scrapy/downloadermiddlewares/httpcompression,HttpCompressionMiddleware.process_request,1,2,2
scrapy/downloadermiddlewares/httpcompression,HttpCompressionMiddleware.process_response,7,26,20
scrapy/downloadermiddlewares/httpcompression,HttpCompressionMiddleware._decode,7,19,19
scrapy/downloadermiddlewares/cookies,CookiesMiddleware.from_crawler,2,6,6
scrapy/downloadermiddlewares/cookies,CookiesMiddleware._process_cookies,5,14,10
scrapy/downloadermiddlewares/cookies,CookiesMiddleware.process_request,2,11,7
scrapy/downloadermiddlewares/cookies,CookiesMiddleware.process_response,2,10,5
scrapy/downloadermiddlewares/cookies,CookiesMiddleware._debug_cookie,3,10,18
scrapy/downloadermiddlewares/cookies,CookiesMiddleware._debug_set_cookie,3,10,18
scrapy/downloadermiddlewares/cookies,CookiesMiddleware._format_cookie,8,27,46
scrapy/downloadermiddlewares/cookies,CookiesMiddleware._get_request_cookies,3,12,9
scrapy/downloadermiddlewares/useragent,UserAgentMiddleware.__init__,1,3,2
scrapy/downloadermiddlewares/useragent,UserAgentMiddleware.from_crawler,1,6,2
scrapy/downloadermiddlewares/useragent,UserAgentMiddleware.spider_opened,1,3,2
scrapy/downloadermiddlewares/useragent,UserAgentMiddleware.process_request,2,3,1
scrapy/downloadermiddlewares/downloadtimeout,DownloadTimeoutMiddleware.__init__,1,3,1
scrapy/downloadermiddlewares/downloadtimeout,DownloadTimeoutMiddleware.from_crawler,1,6,2
scrapy/downloadermiddlewares/downloadtimeout,DownloadTimeoutMiddleware.spider_opened,1,3,2
scrapy/downloadermiddlewares/downloadtimeout,DownloadTimeoutMiddleware.process_request,2,3,3
scrapy/downloadermiddlewares/httpauth,HttpAuthMiddleware.spider_opened,3,13,14
scrapy/downloadermiddlewares/httpauth,HttpAuthMiddleware.process_request,4,12,9
scrapy/commands/crawl,Command.syntax,1,1,2
scrapy/commands/crawl,Command.short_desc,1,1,2
scrapy/commands/crawl,Command.run,5,19,22
scrapy/commands/runspider,Command.syntax,1,1,2
scrapy/commands/runspider,Command.short_desc,1,1,2
scrapy/commands/runspider,Command.long_desc,1,1,2
scrapy/commands/runspider,Command.run,7,20,25
scrapy/commands/fetch,Command.syntax,1,1,2
scrapy/commands/fetch,Command.short_desc,1,1,2
scrapy/commands/fetch,Command.long_desc,1,2,2
scrapy/commands/fetch,Command.add_options,1,14,22
scrapy/commands/fetch,Command._print_headers,3,6,4
scrapy/commands/fetch,Command._print_response,2,6,3
scrapy/commands/fetch,Command._print_bytes,1,3,1
scrapy/commands/fetch,Command.run,4,21,18
scrapy/commands/version,Command.syntax,1,1,2
scrapy/commands/version,Command.short_desc,1,1,2
scrapy/commands/version,Command.add_options,1,8,10
scrapy/commands/version,Command.run,3,7,7
scrapy/commands/bench,Command.short_desc,1,1,2
scrapy/commands/bench,Command.run,1,4,1
scrapy/commands/bench,_BenchServer.__enter__,1,5,6
scrapy/commands/bench,_BenchServer.__exit__,1,4,1
scrapy/commands/bench,_BenchSpider.start_requests,1,5,6
scrapy/commands/settings,Command.syntax,1,1,2
scrapy/commands/settings,Command.short_desc,1,1,2
scrapy/commands/settings,Command.add_options,1,24,40
scrapy/commands/settings,Command.run,7,16,6
scrapy/commands/parse,Command.syntax,1,1,2
scrapy/commands/parse,Command.short_desc,1,1,2
scrapy/commands/parse,Command.add_options,1,57,87
scrapy/commands/parse,Command.max_level,3,9,4
scrapy/commands/parse,Command.add_items,1,5,1
scrapy/commands/parse,Command.add_requests,1,5,1
scrapy/commands/parse,Command.print_items,2,7,9
scrapy/commands/parse,Command.print_requests,3,11,10
scrapy/commands/parse,Command.print_results,7,17,21
scrapy/commands/parse,Command._get_items_and_requests,4,9,2
scrapy/commands/parse,Command.run_callback,1,6,1
scrapy/commands/parse,Command.get_callback_from_rules,4,10,11
scrapy/commands/parse,Command.set_spidercls,7,17,14
scrapy/commands/parse,Command.start_parsing,2,8,7
scrapy/commands/parse,Command.scraped_data,5,19,11
scrapy/commands/parse,Command.prepare_request,11,40,7
scrapy/commands/parse,Command.process_request_meta,4,9,4
scrapy/commands/parse,Command.process_request_cb_kwargs,4,9,4
scrapy/commands/parse,Command.run,3,12,13
scrapy/commands/shell,Command.syntax,1,1,2
scrapy/commands/shell,Command.short_desc,1,1,2
scrapy/commands/shell,Command.long_desc,1,2,2
scrapy/commands/shell,Command.add_options,1,13,20
scrapy/commands/shell,Command.run,4,19,5
scrapy/commands/shell,Command._start_crawler_thread,1,7,4
scrapy/commands/list,Command.short_desc,1,1,2
scrapy/commands/startproject,Command.syntax,1,1,2
scrapy/commands/startproject,Command.short_desc,1,1,2
scrapy/commands/startproject,Command._is_valid_name,4,14,11
scrapy/commands/startproject,Command._copytree,5,21,10
scrapy/commands/startproject,Command.run,6,35,43
scrapy/commands/startproject,Command.templates_dir,1,7,8
scrapy/commands/check,TextTestResult.printSummary,5,21,37
scrapy/commands/check,Command.syntax,1,1,2
scrapy/commands/check,Command.short_desc,1,1,2
scrapy/commands/check,Command.add_options,1,15,20
scrapy/commands/check,Command.run,9,33,18
scrapy/commands/edit,Command.syntax,1,1,2
scrapy/commands/edit,Command.short_desc,1,1,2
scrapy/commands/edit,Command.long_desc,1,2,2
scrapy/commands/edit,Command._err,1,5,2
scrapy/commands/edit,Command.run,4,12,19
scrapy/commands/view,Command.short_desc,1,1,2
scrapy/commands/view,Command.long_desc,1,2,2
scrapy/commands/view,Command.add_options,1,3,2
scrapy/commands/genspider,Command.syntax,1,1,2
scrapy/commands/genspider,Command.short_desc,1,1,2
scrapy/commands/genspider,Command.add_options,1,31,48
scrapy/commands/genspider,Command.run,9,28,27
scrapy/commands/genspider,Command._genspider,3,24,46
scrapy/commands/genspider,Command._find_template,2,8,9
scrapy/commands/genspider,Command._list_templates,3,6,8
scrapy/commands/genspider,Command._spider_exists,6,30,29
scrapy/commands/genspider,Command.templates_dir,1,7,8
scrapy/extensions/feedexport,ItemFilter.__init__,2,10,4
scrapy/extensions/feedexport,ItemFilter.accepts,2,5,1
scrapy/extensions/feedexport,BlockingFeedStorage.open,2,9,10
scrapy/extensions/feedexport,StdoutFeedStorage.__init__,3,10,8
scrapy/extensions/feedexport,FileFeedStorage.__init__,1,6,7
scrapy/extensions/feedexport,FileFeedStorage.open,2,8,3
scrapy/extensions/feedexport,S3FeedStorage.__init__,3,34,16
scrapy/extensions/feedexport,S3FeedStorage.from_crawler,1,12,12
scrapy/extensions/feedexport,S3FeedStorage._store_in_thread,1,7,3
scrapy/extensions/feedexport,GCSFeedStorage.__init__,1,7,2
scrapy/extensions/feedexport,GCSFeedStorage.from_crawler,1,7,5
scrapy/extensions/feedexport,GCSFeedStorage._store_in_thread,1,8,1
scrapy/extensions/feedexport,FTPFeedStorage.__init__,1,11,9
scrapy/extensions/feedexport,FTPFeedStorage.from_crawler,1,7,2
scrapy/extensions/feedexport,_FeedSlot.__init__,1,23,1
scrapy/extensions/feedexport,_FeedSlot.start_exporting,2,6,2
scrapy/extensions/feedexport,_FeedSlot.finish_exporting,2,5,1
scrapy/extensions/feedexport,FeedExporter.__init__,8,35,36
scrapy/extensions/feedexport,FeedExporter.open_spider,2,12,4
scrapy/extensions/feedexport,FeedExporter._close_slot,2,14,8
scrapy/extensions/feedexport,FeedExporter._handle_store_error,1,7,6
scrapy/extensions/feedexport,FeedExporter._handle_store_success,1,3,6
scrapy/extensions/feedexport,FeedExporter._start_new_batch,3,29,21
scrapy/extensions/feedexport,FeedExporter.item_scraped,4,29,18
scrapy/extensions/feedexport,FeedExporter._load_components,4,10,1
scrapy/extensions/feedexport,FeedExporter._exporter_supported,2,5,6
scrapy/extensions/feedexport,FeedExporter._settings_are_valid,3,13,9
scrapy/extensions/feedexport,FeedExporter._storage_supported,4,13,14
scrapy/extensions/feedexport,FeedExporter._get_instance,1,3,2
scrapy/extensions/feedexport,FeedExporter._get_storage,5,21,20
scrapy/extensions/feedexport,FeedExporter._get_uri_params,3,30,23
scrapy/extensions/feedexport,FeedExporter._load_filter,1,4,2
scrapy/extensions/debug,StackTraceDump.__init__,3,8,1
scrapy/extensions/debug,StackTraceDump.dump_stacktrace,1,10,10
scrapy/extensions/debug,StackTraceDump._thread_stacks,2,10,12
scrapy/extensions/debug,Debugger.__init__,3,5,1
scrapy/extensions/corestats,CoreStats.spider_opened,1,4,2
scrapy/extensions/corestats,CoreStats.spider_closed,1,9,7
scrapy/extensions/corestats,CoreStats.item_scraped,1,2,2
scrapy/extensions/corestats,CoreStats.response_received,1,2,2
scrapy/extensions/corestats,CoreStats.item_dropped,1,5,4
scrapy/extensions/memusage,MemoryUsage.__init__,4,19,31
scrapy/extensions/memusage,MemoryUsage.get_virtual_size,2,8,8
scrapy/extensions/memusage,MemoryUsage.engine_started,3,15,4
scrapy/extensions/memusage,MemoryUsage.engine_stopped,3,5,1
scrapy/extensions/memusage,MemoryUsage.update,1,2,2
scrapy/extensions/memusage,MemoryUsage._check_limit,4,25,41
scrapy/extensions/memusage,MemoryUsage._check_warning,4,19,29
scrapy/extensions/memusage,MemoryUsage._send_report,1,14,46
scrapy/extensions/postprocessing,GzipPlugin.__init__,1,12,9
scrapy/extensions/postprocessing,Bz2Plugin.__init__,1,7,5
scrapy/extensions/postprocessing,LZMAPlugin.__init__,1,16,13
scrapy/extensions/postprocessing,PostProcessingManager._get_head_plugin,2,7,4
scrapy/extensions/httpcache,DummyPolicy.__init__,1,5,4
scrapy/extensions/httpcache,DummyPolicy.should_cache_request,1,3,1
scrapy/extensions/httpcache,DummyPolicy.should_cache_response,1,3,1
scrapy/extensions/httpcache,RFC2616Policy.__init__,1,8,6
scrapy/extensions/httpcache,RFC2616Policy._parse_cachecontrol,4,11,3
scrapy/extensions/httpcache,RFC2616Policy.should_cache_request,3,8,4
scrapy/extensions/httpcache,RFC2616Policy.should_cache_response,7,18,23
scrapy/extensions/httpcache,RFC2616Policy.is_cached_response_fresh,9,33,19
scrapy/extensions/httpcache,RFC2616Policy.is_cached_response_valid,3,9,8
scrapy/extensions/httpcache,RFC2616Policy._set_conditional_validators,3,8,4
scrapy/extensions/httpcache,RFC2616Policy._get_max_age,3,5,3
scrapy/extensions/httpcache,RFC2616Policy._compute_freshness_lifetime,5,23,21
scrapy/extensions/httpcache,RFC2616Policy._compute_current_age,5,17,9
scrapy/extensions/httpcache,DbmCacheStorage.__init__,1,6,6
scrapy/extensions/httpcache,DbmCacheStorage.open_spider,1,9,10
scrapy/extensions/httpcache,DbmCacheStorage.retrieve_response,2,13,9
scrapy/extensions/httpcache,DbmCacheStorage.store_response,1,10,13
scrapy/extensions/httpcache,DbmCacheStorage._read_data,3,14,13
scrapy/extensions/httpcache,FilesystemCacheStorage.__init__,1,6,6
scrapy/extensions/httpcache,FilesystemCacheStorage.open_spider,1,7,6
scrapy/extensions/httpcache,FilesystemCacheStorage.retrieve_response,2,19,17
scrapy/extensions/httpcache,FilesystemCacheStorage.store_response,2,26,49
scrapy/extensions/httpcache,FilesystemCacheStorage._get_request_path,1,4,4
scrapy/extensions/httpcache,FilesystemCacheStorage._read_meta,3,15,15
scrapy/extensions/spiderstate,SpiderState.from_crawler,2,11,2
scrapy/extensions/spiderstate,SpiderState.spider_closed,2,5,4
scrapy/extensions/spiderstate,SpiderState.spider_opened,2,6,4
scrapy/extensions/spiderstate,SpiderState.statefn,1,3,2
scrapy/extensions/closespider,CloseSpider.__init__,6,20,30
scrapy/extensions/closespider,CloseSpider.error_count,2,6,12
scrapy/extensions/closespider,CloseSpider.page_count,2,6,12
scrapy/extensions/closespider,CloseSpider.spider_opened,1,8,4
scrapy/extensions/closespider,CloseSpider.item_scraped,2,6,12
scrapy/extensions/closespider,CloseSpider.spider_closed,2,6,4
scrapy/extensions/statsmailer,StatsMailer.from_crawler,2,11,4
scrapy/extensions/statsmailer,StatsMailer.spider_closed,1,8,23
scrapy/extensions/throttle,AutoThrottle.__init__,2,12,8
scrapy/extensions/throttle,AutoThrottle._min_delay,1,4,4
scrapy/extensions/throttle,AutoThrottle._max_delay,1,2,2
scrapy/extensions/throttle,AutoThrottle._start_delay,1,3,2
scrapy/extensions/throttle,AutoThrottle._response_downloaded,3,26,34
scrapy/extensions/throttle,AutoThrottle._get_slot,1,4,2
scrapy/extensions/throttle,AutoThrottle._adjust_delay,2,14,12
scrapy/extensions/logstats,LogStats.__init__,1,7,4
scrapy/extensions/logstats,LogStats.from_crawler,2,11,4
scrapy/extensions/logstats,LogStats.spider_opened,1,5,2
scrapy/extensions/logstats,LogStats.log,1,17,26
scrapy/extensions/logstats,LogStats.spider_closed,2,4,2
scrapy/extensions/memdebug,MemoryDebugger.from_crawler,2,9,4
scrapy/extensions/memdebug,MemoryDebugger.spider_closed,3,11,7
scrapy/extensions/telnet,TelnetConsole.__init__,4,21,24
scrapy/extensions/telnet,TelnetConsole.start_listening,1,8,8
scrapy/extensions/telnet,TelnetConsole.protocol,3,15,1
scrapy/extensions/telnet,TelnetConsole._get_telnet_vars,1,16,24
scrapy/core/scheduler,BaseSchedulerMeta.__subclasscheck__,1,8,7
scrapy/core/scheduler,Scheduler.from_crawler,1,14,10
scrapy/core/scheduler,Scheduler.has_pending_requests,1,3,3
scrapy/core/scheduler,Scheduler.close,2,9,1
scrapy/core/scheduler,Scheduler.enqueue_request,3,15,10
scrapy/core/scheduler,Scheduler.next_request,4,13,9
scrapy/core/scheduler,Scheduler.__len__,1,5,1
scrapy/core/scheduler,Scheduler._dqpush,5,20,14
scrapy/core/scheduler,Scheduler._dqpop,2,5,1
scrapy/core/scheduler,Scheduler._mq,1,8,1
scrapy/core/scheduler,Scheduler._dq,2,17,7
scrapy/core/scheduler,Scheduler._dqdir,3,11,5
scrapy/core/scheduler,Scheduler._read_dqs_state,2,8,6
scrapy/core/scheduler,Scheduler._write_dqs_state,1,4,6
scrapy/core/engine,Slot._maybe_fire_closing,4,10,5
scrapy/core/engine,ExecutionEngine.__init__,1,15,2
scrapy/core/engine,ExecutionEngine._get_scheduler_class,2,9,10
scrapy/core/engine,ExecutionEngine.start,2,10,3
scrapy/core/engine,ExecutionEngine.stop,3,17,7
scrapy/core/engine,ExecutionEngine.close,3,9,4
scrapy/core/engine,ExecutionEngine._next_request,9,29,18
scrapy/core/engine,ExecutionEngine._needs_backout,1,7,2
scrapy/core/engine,ExecutionEngine._next_request_from_scheduler,2,30,13
scrapy/core/engine,ExecutionEngine._handle_downloader_output,3,20,11
scrapy/core/engine,ExecutionEngine.spider_is_idle,7,20,12
scrapy/core/engine,ExecutionEngine.crawl,4,16,12
scrapy/core/engine,ExecutionEngine._schedule_request,2,7,2
scrapy/core/engine,ExecutionEngine.download,4,16,10
scrapy/core/engine,ExecutionEngine._download,8,32,1
scrapy/core/engine,ExecutionEngine.open_spider,3,21,11
scrapy/core/engine,ExecutionEngine._spider_idle,3,21,6
scrapy/core/engine,ExecutionEngine.close_spider,6,43,39
scrapy/core/engine,ExecutionEngine.open_spiders,1,8,3
scrapy/core/engine,ExecutionEngine.has_capacity,1,7,4
scrapy/core/engine,ExecutionEngine.schedule,2,9,6
scrapy/core/spidermw,SpiderMiddlewareManager._get_mwlist_from_settings,1,3,2
scrapy/core/spidermw,SpiderMiddlewareManager._add_middleware,3,11,18
scrapy/core/spidermw,SpiderMiddlewareManager._process_spider_input,6,22,8
scrapy/core/spidermw,SpiderMiddlewareManager._evaluate_iterable,12,32,4
scrapy/core/spidermw,SpiderMiddlewareManager._process_spider_exception,7,33,18
scrapy/core/spidermw,SpiderMiddlewareManager._process_spider_output,17,65,36
scrapy/core/spidermw,SpiderMiddlewareManager.process_start_requests,1,2,2
scrapy/core/spidermw,SpiderMiddlewareManager._get_async_method_pair,5,24,24
scrapy/core/scraper,Slot.__init__,1,8,3
scrapy/core/scraper,Slot.add_response_request,2,11,3
scrapy/core/scraper,Slot.finish_response,2,9,3
scrapy/core/scraper,Slot.is_idle,1,3,2
scrapy/core/scraper,Slot.needs_backout,1,3,2
scrapy/core/scraper,Scraper.__init__,1,10,4
scrapy/core/scraper,Scraper.open_spider,1,6,2
scrapy/core/scraper,Scraper.close_spider,2,10,3
scrapy/core/scraper,Scraper.is_idle,1,4,1
scrapy/core/scraper,Scraper._check_if_closing,2,6,2
scrapy/core/scraper,Scraper.enqueue_scrape,3,22,9
scrapy/core/scraper,Scraper._scrape_next,2,7,1
scrapy/core/scraper,Scraper._scrape,2,14,6
scrapy/core/scraper,Scraper._scrape2,2,10,1
scrapy/core/scraper,Scraper.call_spider,3,19,5
scrapy/core/scraper,Scraper.handle_spider_error,2,23,8
scrapy/core/scraper,Scraper.handle_spider_output,3,32,3
scrapy/core/scraper,Scraper._process_spidermw_output,4,25,13
scrapy/core/scraper,Scraper._log_download_errors,5,29,9
scrapy/core/scraper,Scraper._itemproc_finished,5,37,12
scrapy/core/downloader/tls,ScrapyClientTLSOptions._identityVerifyingInfoCallback,8,31,20
scrapy/core/downloader/contextfactory,ScrapyClientContextFactory.__init__,2,14,1
scrapy/core/downloader/contextfactory,ScrapyClientContextFactory.from_settings,1,11,4
scrapy/core/downloader/contextfactory,ScrapyClientContextFactory.getCertificateOptions,1,6,4
scrapy/core/downloader/contextfactory,ScrapyClientContextFactory.getContext,1,5,1
scrapy/core/downloader/contextfactory,ScrapyClientContextFactory.creatorForNetloc,1,5,2
scrapy/core/downloader/contextfactory,BrowserLikeContextFactory.creatorForNetloc,1,5,4
scrapy/core/downloader/webclient,ScrapyHTTPPageGetter.connectionMade,4,11,1
scrapy/core/downloader/webclient,ScrapyHTTPPageGetter.handleResponse,3,10,7
scrapy/core/downloader/webclient,ScrapyHTTPPageGetter.timeout,2,7,7
scrapy/core/downloader/webclient,ScrapyHTTPClientFactory._build_response,1,13,3
scrapy/core/downloader/webclient,ScrapyHTTPClientFactory._set_connection_attributes,2,9,3
scrapy/core/downloader/webclient,ScrapyHTTPClientFactory.__init__,3,21,24
scrapy/core/downloader/webclient,ScrapyHTTPClientFactory.__repr__,1,2,6
scrapy/core/downloader/webclient,ScrapyHTTPClientFactory._cancelTimeout,2,4,1
scrapy/core/downloader/webclient,ScrapyHTTPClientFactory.buildProtocol,2,10,1
scrapy/core/downloader/webclient,ScrapyHTTPClientFactory.page,2,5,2
scrapy/core/downloader/webclient,ScrapyHTTPClientFactory.noPage,2,5,2
scrapy/core/downloader/webclient,ScrapyHTTPClientFactory.clientConnectionFailed,2,7,2
scrapy/core/downloader/middleware,DownloaderMiddlewareManager._get_mwlist_from_settings,1,3,2
scrapy/core/downloader/middleware,DownloaderMiddlewareManager._add_middleware,4,7,15
scrapy/core/downloader/middleware,DownloaderMiddlewareManager.download,15,52,3
scrapy/core/downloader/handlers/ftp,ReceivedDataProtocol.__init__,1,5,3
scrapy/core/downloader/handlers/ftp,ReceivedDataProtocol.dataReceived,1,5,1
scrapy/core/downloader/handlers/ftp,ReceivedDataProtocol.close,1,2,1
scrapy/core/downloader/handlers/ftp,FTPDownloadHandler.__init__,1,5,6
scrapy/core/downloader/handlers/ftp,FTPDownloadHandler.download_request,1,13,10
scrapy/core/downloader/handlers/ftp,FTPDownloadHandler.gotClient,1,9,2
scrapy/core/downloader/handlers/ftp,FTPDownloadHandler._build_response,1,9,8
scrapy/core/downloader/handlers/ftp,FTPDownloadHandler._failed,3,11,5
scrapy/core/downloader/handlers/http2,ScrapyH2Agent.__init__,1,14,1
scrapy/core/downloader/handlers/http2,ScrapyH2Agent._get_agent,3,25,13
scrapy/core/downloader/handlers/http2,ScrapyH2Agent.download_request,1,12,3
scrapy/core/downloader/handlers/http2,ScrapyH2Agent._cb_latency,1,7,3
scrapy/core/downloader/handlers/http2,ScrapyH2Agent._cb_timeout,2,9,8
scrapy/core/downloader/handlers/s3,S3DownloadHandler.__init__,8,39,35
scrapy/core/downloader/handlers/s3,S3DownloadHandler.download_request,2,18,17
scrapy/core/downloader/handlers/datauri,DataURIDownloadHandler.download_request,2,11,12
scrapy/core/downloader/handlers/http11,HTTP11DownloadHandler.__init__,1,13,9
scrapy/core/downloader/handlers/http11,HTTP11DownloadHandler.download_request,1,11,4
scrapy/core/downloader/handlers/http11,TunnelingTCP4ClientEndpoint.__init__,1,17,1
scrapy/core/downloader/handlers/http11,TunnelingTCP4ClientEndpoint.processProxyResponse,4,24,27
scrapy/core/downloader/handlers/http11,TunnelingAgent._requestWithEndpoint,1,13,1
scrapy/core/downloader/handlers/http11,ScrapyProxyAgent.request,1,10,2
scrapy/core/downloader/handlers/http11,ScrapyAgent.__init__,1,20,3
scrapy/core/downloader/handlers/http11,ScrapyAgent._get_agent,3,34,15
scrapy/core/downloader/handlers/http11,ScrapyAgent.download_request,3,23,8
scrapy/core/downloader/handlers/http11,ScrapyAgent._cb_timeout,3,7,8
scrapy/core/downloader/handlers/http11,ScrapyAgent._cb_latency,1,5,3
scrapy/core/downloader/handlers/http11,ScrapyAgent._headers_from_twisted_response,2,9,2
scrapy/core/downloader/handlers/http11,ScrapyAgent._cb_bodyready,7,65,70
scrapy/core/downloader/handlers/http11,ScrapyAgent._cb_bodydone,4,22,32
scrapy/core/downloader/handlers/http11,_ResponseReader.__init__,1,23,1
scrapy/core/downloader/handlers/http11,_ResponseReader._finish_response,1,9,12
scrapy/core/downloader/handlers/http11,_ResponseReader.connectionMade,3,10,2
scrapy/core/downloader/handlers/http11,_ResponseReader.dataReceived,6,41,36
scrapy/core/downloader/handlers/http11,_ResponseReader.connectionLost,7,23,15
scrapy/core/downloader/handlers/http10,HTTP10DownloadHandler.__init__,1,7,4
scrapy/core/downloader/handlers/http10,HTTP10DownloadHandler._connect,2,11,2
scrapy/core/http2/agent,H2ConnectionPool.get_connection,3,13,3
scrapy/core/http2/agent,H2ConnectionPool.put_connection,2,8,1
scrapy/core/http2/agent,H2ConnectionPool._remove_connection,2,7,1
scrapy/core/http2/agent,H2Agent.request,3,11,4
scrapy/core/http2/agent,ScrapyProxyH2Agent.get_key,1,3,2
scrapy/core/http2/stream,InactiveStreamClosed.__str__,1,2,2
scrapy/core/http2/stream,InvalidHostname.__str__,1,2,6
scrapy/core/http2/stream,Stream.__init__,3,38,31
scrapy/core/http2/stream,Stream.__repr__,1,2,4
scrapy/core/http2/stream,Stream._log_warnsize,1,15,16
scrapy/core/http2/stream,Stream.check_request_url,1,9,18
scrapy/core/http2/stream,Stream._get_request_headers,8,34,42
scrapy/core/http2/stream,Stream.initiate_request,2,8,3
scrapy/core/http2/stream,Stream.send_data,4,26,31
scrapy/core/http2/stream,Stream.receive_window_update,2,9,9
scrapy/core/http2/stream,Stream.receive_data,3,19,24
scrapy/core/http2/stream,Stream.receive_headers,4,16,20
scrapy/core/http2/stream,Stream.reset_stream,2,9,8
scrapy/core/http2/stream,Stream.close,10,50,53
scrapy/core/http2/stream,Stream._fire_response_deferred,1,18,16
scrapy/core/http2/protocol,InvalidNegotiatedProtocol.__str__,1,2,4
scrapy/core/http2/protocol,RemoteTerminatedConnection.__str__,1,2,2
scrapy/core/http2/protocol,MethodNotAllowed405.__str__,1,2,2
scrapy/core/http2/protocol,H2ClientProtocol.__init__,1,20,23
scrapy/core/http2/protocol,H2ClientProtocol.h2_connected,1,5,3
scrapy/core/http2/protocol,H2ClientProtocol._send_pending_requests,2,14,10
scrapy/core/http2/protocol,H2ClientProtocol.pop_stream,1,8,4
scrapy/core/http2/protocol,H2ClientProtocol._new_stream,1,13,8
scrapy/core/http2/protocol,H2ClientProtocol.request,2,11,4
scrapy/core/http2/protocol,H2ClientProtocol.connectionMade,1,8,2
scrapy/core/http2/protocol,H2ClientProtocol._lose_connection_with_error,1,6,1
scrapy/core/http2/protocol,H2ClientProtocol.handshakeCompleted,2,10,3
scrapy/core/http2/protocol,H2ClientProtocol._check_received_data,2,4,3
scrapy/core/http2/protocol,H2ClientProtocol.dataReceived,4,15,4
scrapy/core/http2/protocol,H2ClientProtocol.timeoutConnection,2,15,17
scrapy/core/http2/protocol,H2ClientProtocol.connectionLost,4,18,8
scrapy/core/http2/protocol,H2ClientProtocol._handle_events,10,20,10
scrapy/core/http2/protocol,H2ClientProtocol.connection_terminated,1,3,2
scrapy/core/http2/protocol,H2ClientProtocol.data_received,3,7,1
scrapy/core/http2/protocol,H2ClientProtocol.response_received,3,7,1
scrapy/core/http2/protocol,H2ClientProtocol.settings_acknowledged,1,5,4
scrapy/core/http2/protocol,H2ClientProtocol.stream_ended,3,7,1
scrapy/core/http2/protocol,H2ClientProtocol.stream_reset,3,7,1
scrapy/core/http2/protocol,H2ClientProtocol.window_updated,3,7,3
scrapy/spidermiddlewares/urllength,UrlLengthMiddleware.from_settings,2,8,4
scrapy/spidermiddlewares/urllength,UrlLengthMiddleware.process_spider_output,1,4,1
scrapy/spidermiddlewares/urllength,UrlLengthMiddleware._filter,2,12,14
scrapy/spidermiddlewares/httperror,HttpErrorMiddleware.__init__,1,4,4
scrapy/spidermiddlewares/httperror,HttpErrorMiddleware.process_spider_input,6,18,23
scrapy/spidermiddlewares/httperror,HttpErrorMiddleware.process_spider_exception,2,10,11
scrapy/spidermiddlewares/depth,DepthMiddleware.__init__,1,6,1
scrapy/spidermiddlewares/depth,DepthMiddleware.from_crawler,1,8,6
scrapy/spidermiddlewares/depth,DepthMiddleware.process_spider_output,1,4,1
scrapy/spidermiddlewares/depth,DepthMiddleware._init_depth,3,7,10
scrapy/spidermiddlewares/depth,DepthMiddleware._filter,5,24,30
scrapy/spidermiddlewares/referer,ReferrerPolicy.stripped_referrer,2,4,2
scrapy/spidermiddlewares/referer,ReferrerPolicy.origin_referrer,2,4,2
scrapy/spidermiddlewares/referer,ReferrerPolicy.strip_url,2,11,2
scrapy/spidermiddlewares/referer,ReferrerPolicy.potentially_trustworthy,2,7,4
scrapy/spidermiddlewares/referer,ReferrerPolicy.tls_protected,1,3,5
scrapy/spidermiddlewares/referer,NoReferrerWhenDowngradePolicy.referrer,2,4,3
scrapy/spidermiddlewares/referer,SameOriginPolicy.referrer,2,3,2
scrapy/spidermiddlewares/referer,StrictOriginPolicy.referrer,2,8,4
scrapy/spidermiddlewares/referer,OriginWhenCrossOriginPolicy.referrer,2,6,2
scrapy/spidermiddlewares/referer,StrictOriginWhenCrossOriginPolicy.referrer,3,12,6
scrapy/spidermiddlewares/referer,RefererMiddleware.__init__,2,6,3
scrapy/spidermiddlewares/referer,RefererMiddleware.from_crawler,2,9,4
scrapy/spidermiddlewares/referer,RefererMiddleware.policy,5,15,10
scrapy/spidermiddlewares/referer,RefererMiddleware.process_spider_output,1,4,1
scrapy/spidermiddlewares/referer,RefererMiddleware._set_referer,3,8,4
scrapy/spidermiddlewares/referer,RefererMiddleware.request_scheduled,5,16,13
scrapy/spidermiddlewares/offsite,OffsiteMiddleware.process_spider_output,1,4,1
scrapy/spidermiddlewares/offsite,OffsiteMiddleware._filter,4,17,19
scrapy/spidermiddlewares/offsite,OffsiteMiddleware.should_follow,1,6,2
scrapy/spidermiddlewares/offsite,OffsiteMiddleware.get_host_regex,6,25,27
scrapy/contracts/default,UrlContract.adjust_request_args,1,4,3
scrapy/contracts/default,CallbackKeywordArgumentsContract.adjust_request_args,1,4,4
scrapy/contracts/default,ReturnsContract.__init__,6,18,18
scrapy/contracts/default,ReturnsContract.post_process,5,15,20
scrapy/contracts/default,ScrapesContract.post_process,4,9,7
scrapy/spiders/init,InitSpider.initialized,1,3,2
scrapy/spiders/sitemap,SitemapSpider.__init__,3,9,1
scrapy/spiders/sitemap,SitemapSpider._parse_sitemap,11,25,21
scrapy/spiders/sitemap,SitemapSpider._get_sitemap_body,4,9,8
scrapy/spiders/crawl,Rule.__init__,1,18,5
scrapy/spiders/crawl,CrawlSpider._requests_to_follow,4,16,3
scrapy/spiders/crawl,CrawlSpider._callback,1,5,2
scrapy/spiders/crawl,CrawlSpider._errback,1,4,2
scrapy/spiders/crawl,CrawlSpider._handle_failure,3,7,2
scrapy/spiders/crawl,CrawlSpider._compile_rules,2,7,3
scrapy/spiders/crawl,CrawlSpider.from_crawler,1,7,2
scrapy/spiders/feed,XMLFeedSpider.parse_node,2,5,3
scrapy/spiders/feed,XMLFeedSpider._parse,5,19,28
scrapy/spiders/feed,CSVFeedSpider._parse,2,8,6
scrapy/linkextractors/lxmlhtml,LxmlParserLinkExtractor.__init__,1,16,6
scrapy/linkextractors/lxmlhtml,LxmlParserLinkExtractor._iter_links,5,11,6
scrapy/linkextractors/lxmlhtml,LxmlParserLinkExtractor._extract_links,6,23,10
scrapy/linkextractors/lxmlhtml,LxmlParserLinkExtractor._deduplicate_if_needed,2,4,1
scrapy/linkextractors/lxmlhtml,LxmlLinkExtractor.__init__,2,43,11
scrapy/linkextractors/lxmlhtml,LxmlLinkExtractor._link_allowed,8,22,17
scrapy/linkextractors/lxmlhtml,LxmlLinkExtractor.matches,3,14,7
scrapy/linkextractors/lxmlhtml,LxmlLinkExtractor._process_links,3,8,1
scrapy/linkextractors/lxmlhtml,LxmlLinkExtractor.extract_links,4,15,2
scrapy/http/cookies,CookieJar.__init__,1,8,3
scrapy/http/cookies,CookieJar.add_cookie_header,9,27,30
scrapy/http/cookies,WrappedRequest.is_unverifiable,1,3,2
scrapy/http/cookies,WrappedRequest.has_header,1,3,1
scrapy/http/cookies,WrappedRequest.get_header,1,2,2
scrapy/http/cookies,WrappedRequest.header_items,1,7,4
scrapy/http/cookies,WrappedResponse.get_all,1,4,2
scrapy/http/headers,Headers.__init__,1,4,2
scrapy/http/headers,Headers.normvalue,4,11,6
scrapy/http/headers,Headers._tobytes,4,8,5
scrapy/http/headers,Headers.__getitem__,3,6,5
scrapy/http/headers,Headers.get,3,6,5
scrapy/http/headers,Headers.getlist,4,8,3
scrapy/http/response/text,TextResponse.__init__,1,7,2
scrapy/http/response/text,TextResponse._set_url,2,5,1
scrapy/http/response/text,TextResponse._set_body,3,10,6
scrapy/http/response/text,TextResponse.encoding,1,4,1
scrapy/http/response/text,TextResponse._declared_encoding,1,7,1
scrapy/http/response/text,TextResponse.json,2,7,1
scrapy/http/response/text,TextResponse.text,2,10,4
scrapy/http/response/text,TextResponse._body_inferred_encoding,2,13,1
scrapy/http/response/text,TextResponse._auto_detect_fun,4,8,7
scrapy/http/response/text,TextResponse._bom_encoding,1,3,1
scrapy/http/response/text,TextResponse.selector,2,8,1
scrapy/http/response/text,TextResponse.follow,3,38,7
scrapy/http/response/text,TextResponse.follow_all,7,52,13
scrapy/http/request/form,FormRequest.__init__,4,15,13
scrapy/http/request/form,FormRequest.from_response,4,29,13
scrapy/http/request/json_request,JsonRequest.__init__,4,19,31
scrapy/http/request/json_request,JsonRequest.replace,3,13,13
scrapy/http/request/rpc,XmlRpcRequest.__init__,3,12,24
scrapy/utils/sitemap,Sitemap.__init__,1,8,7
scrapy/utils/sitemap,Sitemap.__iter__,6,13,24
scrapy/utils/testsite,SiteTest.setUp,1,6,7
scrapy/utils/benchserver,Root.render,2,14,13
scrapy/utils/reactor,CallLaterOnce.schedule,2,6,2
scrapy/utils/reactor,CallLaterOnce.cancel,2,3,1
scrapy/utils/request,RequestFingerprinter.__init__,4,15,20
scrapy/utils/datatypes,CaselessDict.__init__,2,4,1
scrapy/utils/datatypes,LocalCache.__setitem__,3,6,4
scrapy/utils/datatypes,LocalWeakReferencedCache.__setitem__,3,5,1
scrapy/utils/datatypes,LocalWeakReferencedCache.__getitem__,3,5,2
scrapy/utils/datatypes,SequenceExclude.__contains__,1,3,1
scrapy/utils/log,TopLevelFormatter.__init__,1,4,1
scrapy/utils/log,TopLevelFormatter.filter,2,6,8
scrapy/utils/log,StreamLogger.__init__,1,5,1
scrapy/utils/log,LogCounterHandler.emit,1,4,2
scrapy/utils/serialize,ScrapyJSONEncoder.default,10,20,27
scrapy/utils/curl,CurlParser.error,1,4,2
scrapy/utils/testproc,ProcessTest.execute,2,13,6
scrapy/utils/testproc,ProcessTest._process_finished,2,10,15
scrapy/utils/testproc,TestProcessProtocol.outReceived,1,4,1
scrapy/utils/testproc,TestProcessProtocol.errReceived,1,4,1
scrapy/utils/misc,set_environ,2,14,1
scrapy/utils/iterators,_StreamReader.__init__,2,7,4
scrapy/utils/iterators,_StreamReader.read,1,4,1
scrapy/utils/iterators,_StreamReader._read_string,1,6,4
scrapy/utils/iterators,_StreamReader._read_unicode,1,6,6
scrapy/utils/defer,_AsyncCooperatorAdapter._callback,3,10,3
scrapy/utils/defer,_AsyncCooperatorAdapter.__next__,3,10,3
scrapy/utils/response,response_httprepr,2,14,1
scrapy/selector/unified,Selector.__init__,4,15,8
