File;Method Name;Mutant Density
Bio/Affy/CelFile;__init__;3
Bio/Blast/Applications;_NcbibaseblastCommandline.__init__;3
Bio/Blast/Applications;_NcbiblastCommandline.__init__;3
Bio/Blast/Applications;_Ncbiblast2SeqCommandline.__init__;3
Bio/Blast/Applications;_NcbiblastMain2SeqCommandline.__init__;3
Bio/Blast/Applications;_NcbiblastCommandline._validate;3
Bio/Blast/Applications;NcbiblastnCommandline._validate;6
Bio/Blast/Applications;NcbimakeblastdbCommandline._validate;18
Bio/Blast/Applications;_NcbibaseblastCommandline._validate_incompatibilities;2
Bio/Blast/Applications;NcbiblastpCommandline.__init__;2
Bio/Blast/Applications;NcbiblastnCommandline.__init__;4
Bio/Blast/Applications;NcbiblastxCommandline.__init__;2
Bio/Blast/Applications;NcbitblastnCommandline.__init__;2
Bio/Blast/Applications;NcbitblastxCommandline.__init__;1
Bio/Blast/Applications;NcbipsiblastCommandline.__init__;1
Bio/Blast/Applications;NcbirpsblastCommandline.__init__;1
Bio/Blast/Applications;NcbirpstblastnCommandline.__init__;2
Bio/Blast/Applications;NcbideltablastCommandline.__init__;1
Bio/Blast/Applications;NcbimakeblastdbCommandline._input_type_checker;1
Bio/Blast/Applications;__init__;30
Bio/Blast/Applications;_validate;16
Bio/Blast/Applications;NcbimakeblastdbCommandline.__init__;7
Bio/Blast/Applications;NcbiblastformatterCommandline.__init__;2
Bio/Blast/ParseBlastTable;BlastTableReader.__next__;8
Bio/Blast/ParseBlastTable;BlastTableReader.__init__;3
Bio/Blast/ParseBlastTable;BlastTableReader._consume_header;2
Bio/Blast/ParseBlastTable;BlastTableReader._parse_version;1
Bio/Blast/ParseBlastTable;BlastTableReader._parse_query;1
Bio/Data/CodonTable;CodonTable.__str__;37
Bio/Data/CodonTable;AmbiguousForwardTable.__getitem__;17
Bio/Data/CodonTable;AmbiguousForwardTable.__contains__;2
Bio/Data/CodonTable;AmbiguousForwardTable.get;2
Bio/Data/CodonTable;__init__;4
Bio/Data/CodonTable;__repr__;2
Bio/Emboss/Applications;_EmbossMinimalCommandLine.__init__;3
Bio/Emboss/Applications;_EmbossCommandLine.__init__;3
Bio/Emboss/Applications;_EmbossCommandLine._validate;3
Bio/Emboss/Applications;SeqretCommandline._validate;6
Bio/Emboss/Applications;__init__;54
Bio/Emboss/Applications;_validate;4
Bio/Emboss/PrimerSearch;InputRecord.__str__;1
Bio/Entrez/Parser;OrderedListElement.store;8
Bio/Entrez/Parser;DataHandler.externalEntityRefHandler;14
Bio/Entrez/Parser;NoneElement.__repr__;3
Bio/Entrez/Parser;ListElement.store;4
Bio/Entrez/Parser;DictionaryElement.store;7
Bio/Entrez/Parser;NotXMLError.__str__;1
Bio/Entrez/Parser;CorruptedXMLError.__str__;1
Bio/Entrez/Parser;ValidationError.__str__;1
Bio/Entrez/Parser;DataHandler.schemaHandler;3
Bio/Entrez/Parser;DataHandler.startElementHandler;36
Bio/Entrez/Parser;DataHandler.startRawElementHandler;9
Bio/Entrez/Parser;DataHandler.endRawElementHandler;6
Bio/Entrez/Parser;DataHandler.parse_xsd;35
Bio/Entrez/Parser;DataHandler.elementDecl;36
Bio/Entrez/Parser;DataHandler.startNamespaceDeclHandler;12
Bio/Entrez/Parser;DataHandler.endNamespaceDeclHandler;8
Bio/Entrez/Parser;DataHandler.startSkipElementHandler;1
Bio/Entrez/Parser;DataHandler.endSkipElementHandler;3
Bio/Entrez/Parser;DataHandler.parse;18
Bio/Entrez/Parser;StringElement.__repr__;2
Bio/Entrez/Parser;ListElement.__repr__;2
Bio/Entrez/Parser;DictionaryElement.__repr__;2
Bio/Entrez/Parser;OrderedListElement.__repr__;2
Bio/Entrez/Parser;NoneElement.__eq__;2
Bio/Entrez/Parser;NoneElement.__ne__;2
Bio/Entrez/Parser;ListElement.__init__;1
Bio/Entrez/Parser;DictionaryElement.__init__;2
Bio/Entrez/Parser;OrderedListElement.__init__;1
Bio/Entrez/Parser;DataHandlerMeta.directory;3
Bio/Entrez/Parser;DataHandler.__init__;1
Bio/Entrez/Parser;DataHandler.read;8
Bio/Entrez/Parser;DataHandler.endStringElementHandler;7
Bio/Entrez/Parser;DataHandler.endErrorElementHandler;5
Bio/Entrez/Parser;DataHandler.endIntegerElementHandler;4
Bio/Entrez/Parser;DataHandler.open_dtd_file;3
Bio/Entrez/Parser;DataHandler.open_xsd_file;3
Bio/Entrez/Parser;DataHandler.save_dtd_file;3
Bio/Entrez/Parser;DataHandler.save_xsd_file;3
Bio/Entrez/Parser;directory;2
Bio/Entrez/Parser;IntegerElement.__repr__;2
Bio/Entrez/Parser;DataHandlerMeta.__init__;2
Bio/Entrez/Parser;__new__;6
Bio/Entrez/Parser;__init__;20
Bio/Entrez/Parser;__repr__;12
Bio/Entrez/Parser;__str__;6
Bio/ExPASy/Enzyme;Record.__str__;9
Bio/ExPASy/Enzyme;Record.__repr__;2
Bio/ExPASy/Enzyme;__init__;2
Bio/ExPASy/Enzyme;__repr__;2
Bio/ExPASy/Enzyme;__str__;2
Bio/ExPASy/ScanProsite;ContentHandler.endElement;9
Bio/ExPASy/ScanProsite;ContentHandler.characters;1
Bio/ExPASy/ScanProsite;Parser.feed;4
Bio/ExPASy/ScanProsite;ContentHandler.startElement;4
Bio/ExPASy/ScanProsite;__init__;6
Bio/ExPASy/ScanProsite;feed;2
Bio/ExPASy/ScanProsite;startElement;2
Bio/ExPASy/ScanProsite;endElement;2
Bio/ExPASy/ScanProsite;characters;2
Bio/ExPASy/cellosaurus;Record.__str__;29
Bio/ExPASy/cellosaurus;Record.__repr__;2
Bio/ExPASy/cellosaurus;__init__;2
Bio/ExPASy/cellosaurus;__repr__;2
Bio/ExPASy/cellosaurus;__str__;2
Bio/File;_SQLiteManySeqFilesDict._load_index;31
Bio/File;_SQLiteManySeqFilesDict._build_index;27
Bio/File;_SQLiteManySeqFilesDict.__getitem__;10
Bio/File;_SQLiteManySeqFilesDict.get_raw;9
Bio/File;_IndexedSeqFileDict.__init__;3
Bio/File;_IndexedSeqFileDict.__str__;1
Bio/File;_IndexedSeqFileDict.__getitem__;5
Bio/File;_SQLiteManySeqFilesDict.__init__;3
Bio/File;_SQLiteManySeqFilesDict.close;1
Bio/File;as_handle;1
Bio/File;__iter__;5
Bio/File;get;1
Bio/File;__init__;4
Bio/File;__repr__;4
Bio/File;__str__;2
Bio/File;__len__;4
Bio/File;__getitem__;4
Bio/File;__contains__;2
Bio/File;get_raw;2
Bio/File;close;2
Bio/GenBank/Record;Record._keywords_line;9
Bio/GenBank/Record;Record._organism_line;12
Bio/GenBank/Record;Record._locus_line;48
Bio/GenBank/Record;Record._definition_line;3
Bio/GenBank/Record;Record._accession_line;4
Bio/GenBank/Record;Record._version_line;5
Bio/GenBank/Record;Record._project_line;5
Bio/GenBank/Record;Record._dblink_line;5
Bio/GenBank/Record;Record._nid_line;3
Bio/GenBank/Record;Record._pid_line;3
Bio/GenBank/Record;Record._db_source_line;3
Bio/GenBank/Record;Record._segment_line;4
Bio/GenBank/Record;Record._source_line;2
Bio/GenBank/Record;Record._comment_line;4
Bio/GenBank/Record;Record._features_line;6
Bio/GenBank/Record;Record._base_count_line;14
Bio/GenBank/Record;Record._origin_line;6
Bio/GenBank/Record;Record._sequence_line;21
Bio/GenBank/Record;Record._wgs_line;4
Bio/GenBank/Record;Record._wgs_scafld_line;4
Bio/GenBank/Record;Record._contig_line;4
Bio/GenBank/Record;Reference._reference_line;8
Bio/GenBank/Record;Reference._authors_line;4
Bio/GenBank/Record;Reference._consrtm_line;4
Bio/GenBank/Record;Reference._title_line;4
Bio/GenBank/Record;Reference._journal_line;4
Bio/GenBank/Record;Reference._medline_line;5
Bio/GenBank/Record;Reference._pubmed_line;5
Bio/GenBank/Record;Reference._remark_line;4
Bio/GenBank/Record;Feature.__str__;3
Bio/GenBank/Record;Qualifier.__str__;7
Bio/GenBank/Record;Record.__str__;23
Bio/GenBank/Record;Reference.__str__;7
Bio/GenBank/Scanner;InsdcScanner.parse_feature;64
Bio/GenBank/Scanner;InsdcScanner.parse_cds_features;34
Bio/GenBank/Scanner;EmblScanner._feed_first_line_patents;5
Bio/GenBank/Scanner;EmblScanner._feed_header_lines;52
Bio/GenBank/Scanner;GenBankScanner._feed_first_line;226
Bio/GenBank/Scanner;GenBankScanner._feed_header_lines;158
Bio/GenBank/Scanner;InsdcScanner.find_start;28
Bio/GenBank/Scanner;EmblScanner.parse_footer;36
Bio/GenBank/Scanner;EmblScanner._feed_first_line;13
Bio/GenBank/Scanner;EmblScanner._feed_misc_lines;13
Bio/GenBank/Scanner;GenBankScanner.parse_footer;47
Bio/GenBank/Scanner;GenBankScanner._feed_misc_lines;35
Bio/GenBank/Scanner;InsdcScanner.parse_header;17
Bio/GenBank/Scanner;InsdcScanner.parse_features;49
Bio/GenBank/Scanner;InsdcScanner.parse_footer;16
Bio/GenBank/Scanner;InsdcScanner.parse_records;8
Bio/GenBank/Scanner;_ImgtScanner.parse_features;46
Bio/GenBank/Scanner;InsdcScanner.feed;4
Bio/GenBank/Scanner;InsdcScanner._feed_feature_table;1
Bio/GenBank/Scanner;InsdcScanner.parse;1
Bio/GenBank/Scanner;EmblScanner._feed_first_line_old;8
Bio/GenBank/Scanner;EmblScanner._feed_first_line_new;10
Bio/GenBank/Scanner;EmblScanner._feed_seq_length;2
Bio/GenBank/Scanner;_ImgtScanner._feed_first_line;15
Bio/GenBank/Scanner;_feed_feature_table;1
Bio/GenBank/Scanner;_feed_seq_length;1
Bio/GenBank/Scanner;parse_footer;4
Bio/GenBank/Scanner;_feed_first_line;6
Bio/GenBank/Scanner;_feed_header_lines;4
Bio/GenBank/Scanner;_feed_misc_lines;4
Bio/GenBank/Scanner;parse_features;2
Bio/GenBank/Scanner;InsdcScanner.__init__;3
Bio/GenBank/Scanner;EmblScanner._feed_first_line_patents_kipo;4
Bio/GenBank/utils;FeatureValueCleaner.clean_value;3
Bio/Geo/Record;Record.__str__;33
Bio/HMM/DynamicProgramming;AbstractDPAlgorithms.forward_algorithm;10
Bio/HMM/DynamicProgramming;AbstractDPAlgorithms.backward_algorithm;3
Bio/HMM/DynamicProgramming;ScaledDPAlgorithms._calculate_s_value;9
Bio/HMM/DynamicProgramming;ScaledDPAlgorithms._forward_recursion;13
Bio/HMM/DynamicProgramming;ScaledDPAlgorithms._backward_recursion;14
Bio/HMM/DynamicProgramming;__init__;4
Bio/HMM/DynamicProgramming;_forward_recursion;2
Bio/HMM/DynamicProgramming;_backward_recursion;2
Bio/HMM/MarkovModel;HiddenMarkovModel._log_transform;5
Bio/HMM/MarkovModel;MarkovModelBuilder.set_initial_probabilities;17
Bio/HMM/MarkovModel;MarkovModelBuilder.set_equal_probabilities;6
Bio/HMM/MarkovModel;HiddenMarkovModel.viterbi;17
Bio/HMM/MarkovModel;MarkovModelBuilder.get_markov_model;2
Bio/HMM/MarkovModel;MarkovModelBuilder.set_random_transition_probabilities;2
Bio/HMM/MarkovModel;MarkovModelBuilder.set_random_emission_probabilities;2
Bio/HMM/MarkovModel;MarkovModelBuilder.allow_transition;8
Bio/HMM/MarkovModel;MarkovModelBuilder.set_transition_score;2
Bio/HMM/MarkovModel;MarkovModelBuilder.set_transition_pseudocount;2
Bio/HMM/MarkovModel;MarkovModelBuilder.set_emission_score;2
Bio/HMM/MarkovModel;MarkovModelBuilder.set_emission_pseudocount;2
Bio/HMM/MarkovModel;HiddenMarkovModel.transitions_from;2
Bio/HMM/MarkovModel;HiddenMarkovModel.transitions_to;2
Bio/HMM/MarkovModel;MarkovModelBuilder.destroy_transition;1
Bio/HMM/Trainer;AbstractTrainer.ml_estimator;12
Bio/HMM/Trainer;BaumWelchTrainer.train;6
Bio/HMM/Trainer;BaumWelchTrainer.update_transitions;16
Bio/HMM/Trainer;BaumWelchTrainer.update_emissions;9
Bio/HMM/Trainer;KnownStateTrainer._count_transitions;4
Bio/HMM/Trainer;AbstractTrainer.log_likelihood;1
Bio/HMM/Trainer;KnownStateTrainer._count_emissions;2
Bio/HMM/Trainer;TrainingSequence.__init__;5
Bio/HMM/Trainer;__init__;4
Bio/KEGG/KGML/KGML_parser;KGMLParser.parse;6
Bio/KEGG/KGML/KGML_pathway;Pathway.get_KGML;1
Bio/KEGG/KGML/KGML_pathway;Pathway.add_reaction;5
Bio/KEGG/KGML/KGML_pathway;Pathway.__str__;5
Bio/KEGG/KGML/KGML_pathway;Entry.__str__;3
Bio/KEGG/KGML/KGML_pathway;Graphics._setcoords;3
Bio/KEGG/KGML/KGML_pathway;Graphics.element;9
Bio/KEGG/KGML/KGML_pathway;Graphics.bounds;18
Bio/KEGG/KGML/KGML_pathway;Graphics.centre;8
Bio/KEGG/KGML/KGML_pathway;Reaction.__str__;1
Bio/KEGG/KGML/KGML_pathway;Reaction.add_substrate;4
Bio/KEGG/KGML/KGML_pathway;Reaction.add_product;4
Bio/KEGG/KGML/KGML_pathway;Relation.__str__;1
Bio/KEGG/KGML/KGML_pathway;Pathway.add_entry;2
Bio/KEGG/KGML/KGML_pathway;Pathway.remove_entry;2
Bio/KEGG/KGML/KGML_pathway;Pathway.remove_reaction;2
Bio/KEGG/KGML/KGML_pathway;Pathway._setname;2
Bio/KEGG/KGML/KGML_pathway;Entry.add_component;3
Bio/KEGG/KGML/KGML_pathway;Entry.element;3
Bio/KEGG/KGML/KGML_pathway;Entry.is_reactant;2
Bio/KEGG/KGML/KGML_pathway;Graphics._setfgcolor;2
Bio/KEGG/KGML/KGML_pathway;Graphics._setbgcolor;2
Bio/KEGG/KGML/KGML_pathway;Relation._getentry1;1
Bio/KEGG/KGML/KGML_pathway;Relation._getentry2;1
Bio/KEGG/KGML/KGML_pathway;compounds;1
Bio/KEGG/KGML/KGML_pathway;maps;1
Bio/KEGG/KGML/KGML_pathway;orthologs;1
Bio/KEGG/KGML/KGML_pathway;genes;1
Bio/KEGG/KGML/KGML_pathway;reactions;1
Bio/KEGG/KGML/KGML_pathway;reaction_entries;1
Bio/KEGG/KGML/KGML_pathway;relations;1
Bio/KEGG/KGML/KGML_pathway;element;6
Bio/KEGG/KGML/KGML_pathway;bounds;3
Bio/KEGG/KGML/KGML_pathway;is_reactant;1
Bio/KEGG/KGML/KGML_pathway;centre;1
Bio/KEGG/KGML/KGML_pathway;substrates;1
Bio/KEGG/KGML/KGML_pathway;products;1
Bio/KEGG/KGML/KGML_pathway;entry;1
Bio/KEGG/KGML/KGML_pathway;reactant_ids;1
Bio/KEGG/KGML/KGML_pathway;Pathway.compounds;1
Bio/KEGG/KGML/KGML_pathway;Pathway.maps;1
Bio/KEGG/KGML/KGML_pathway;Pathway.orthologs;1
Bio/KEGG/KGML/KGML_pathway;Pathway.genes;1
Bio/NMR/xpktools;Peaklist.residue_dict;15
Bio/NMR/xpktools;XpkEntry.__init__;2
Bio/Nexus/Nexus;StepMatrix.weighting;4
Bio/Nexus/Nexus;Nexus._parse_nexus_block;4
Bio/Nexus/Nexus;Nexus._format;67
Bio/Nexus/Nexus;Nexus._matrix;67
Bio/Nexus/Nexus;Nexus.append_sets;43
Bio/Nexus/Nexus;Nexus.export_fasta;19
Bio/Nexus/Nexus;Nexus.export_phylip;14
Bio/Nexus/Nexus;Nexus.weighted_stepmatrix;6
Bio/Nexus/Nexus;Nexus.add_sequence;20
Bio/Nexus/Nexus;Nexus.terminal_gap_to_missing;31
Bio/Nexus/Nexus;StepMatrix.set;4
Bio/Nexus/Nexus;StepMatrix.add;5
Bio/Nexus/Nexus;StepMatrix.sum;1
Bio/Nexus/Nexus;StepMatrix.smprint;19
Bio/Nexus/Nexus;Commandline.__init__;16
Bio/Nexus/Nexus;Nexus._charstatelabels;21
Bio/Nexus/Nexus;Nexus._tree;20
Bio/Nexus/Nexus;Nexus._parse_list;22
Bio/Nexus/Nexus;Nexus._resolve;35
Bio/Nexus/Nexus;Nexus.write_nexus_data_partitions;21
Bio/Nexus/Nexus;Nexus.write_nexus_data;75
Bio/Nexus/Nexus;Nexus.bootstrap;10
Bio/Nexus/Nexus;Nexus.insert_gap;21
Bio/Nexus/Nexus;Nexus._adjust_charlabels;18
Bio/Nexus/Nexus;StepMatrix.transformation;4
Bio/Nexus/Nexus;Nexus._taxpartition;14
Bio/Nexus/Nexus;Nexus._charpartition;14
Bio/Nexus/Nexus;CharBuffer.next_nonwhitespace;5
Bio/Nexus/Nexus;CharBuffer.next_word;22
Bio/Nexus/Nexus;Nexus.read;17
Bio/Nexus/Nexus;Nexus._charlabels;7
Bio/Nexus/Nexus;Nexus._translate;7
Bio/Nexus/Nexus;Nexus._get_nexus_block;7
Bio/Nexus/Nexus;Nexus._codonposset;6
Bio/Nexus/Nexus;Nexus._name_n_vector;12
Bio/Nexus/Nexus;Nexus.constant;29
Bio/Nexus/Nexus;Nexus.cstatus;19
Bio/Nexus/Nexus;Nexus.crop_matrix;17
Bio/Nexus/Nexus;Nexus.invert;1
Bio/Nexus/Nexus;CharBuffer.__init__;1
Bio/Nexus/Nexus;CharBuffer.peek;1
Bio/Nexus/Nexus;CharBuffer.peek_nonwhitespace;1
Bio/Nexus/Nexus;CharBuffer.__next__;1
Bio/Nexus/Nexus;CharBuffer.skip_whitespace;3
Bio/Nexus/Nexus;StepMatrix.__init__;2
Bio/Nexus/Nexus;Nexus.__init__;1
Bio/Nexus/Nexus;Nexus._dimensions;4
Bio/Nexus/Nexus;Nexus._get_indices;1
Bio/Nexus/Nexus;Nexus.gaponly;1
Bio/Nexus/Nexus;CharBuffer.next_until;3
Bio/Nexus/Nexus;CharBuffer.peek_word;2
Bio/Nexus/Nodes;Chain.__init__;2
Bio/Nexus/Nodes;Chain.add;5
Bio/Nexus/Nodes;Chain.collapse;3
Bio/Nexus/Nodes;Chain.kill;3
Bio/Nexus/Nodes;Chain.unlink;4
Bio/Nexus/Nodes;Chain.link;6
Bio/Nexus/Nodes;Chain.trace;10
Bio/Nexus/Nodes;Chain._get_id;1
Bio/Nexus/Nodes;Node.set_succ;2
Bio/Nexus/Nodes;Chain.is_parent_of;5
Bio/Nexus/Nodes;Node.set_id;1
Bio/Nexus/Nodes;Node.add_succ;1
Bio/Nexus/StandardData;StandardData.__init__;19
Bio/Nexus/StandardData;StandardData.__str__;11
Bio/Nexus/StandardData;StandardData.__next__;3
Bio/Nexus/Trees;Tree._parse;73
Bio/Nexus/Trees;Tree._add_nodedata;22
Bio/Nexus/Trees;Tree._get_values;21
Bio/Nexus/Trees;Tree.common_ancestor;5
Bio/Nexus/Trees;Tree.is_monophyletic;7
Bio/Nexus/Trees;Tree.to_string;10
Bio/Nexus/Trees;Tree.root_with_outgroup;29
Bio/Nexus/Trees;Tree.merge_with_support;15
Bio/Nexus/Trees;Tree.node;3
Bio/Nexus/Trees;Tree.split;4
Bio/Nexus/Trees;Tree.prune;8
Bio/Nexus/Trees;Tree.get_taxa;7
Bio/Nexus/Trees;Tree.collapse_genera;13
Bio/Nexus/Trees;Tree.is_compatible;27
Bio/Nexus/Trees;Tree.distance;1
Bio/Nexus/Trees;Tree.randomize;21
Bio/Nexus/Trees;Tree.display;8
Bio/Nexus/Trees;Tree.unroot;15
Bio/Nexus/Trees;Tree.sum_branchlength;5
Bio/Nexus/Trees;Tree.convert_absolute_support;3
Bio/Nexus/Trees;Tree.is_preterminal;2
Bio/Nexus/Trees;Tree.__init__;1
Bio/Nexus/Trees;Tree._add_subtree;2
Bio/Nexus/Trees;Tree._walk;1
Bio/Nexus/Trees;Tree.search_taxon;2
Bio/Nexus/Trees;Tree.count_terminals;1
Bio/Nexus/Trees;Tree.set_subtree;4
Bio/Nexus/Trees;Tree.is_bifurcating;11
Bio/Nexus/Trees;Tree.has_support;1
Bio/Nexus/Trees;__init__;2
Bio/Nexus/Trees;__str__;2
Bio/Nexus/Trees;Tree.get_terminals;1
Bio/Nexus/Trees;Tree.is_terminal;1
Bio/Nexus/Trees;Tree.is_internal;2
Bio/Nexus/Trees;Tree.is_identical;1
Bio/Pathway/Rep/Graph;Graph.__repr__;2
Bio/Pathway/Rep/Graph;Graph.__str__;7
Bio/Pathway/Rep/Graph;Graph.add_edge;13
Bio/Pathway/Rep/Graph;Graph.child_edges;3
Bio/Pathway/Rep/Graph;Graph.edges;3
Bio/Pathway/Rep/Graph;Graph.parent_edges;5
Bio/Pathway/Rep/Graph;Graph.remove_node;12
Bio/Pathway/Rep/Graph;Graph.add_node;2
Bio/Pathway/Rep/Graph;Graph.__eq__;4
Bio/Pathway/Rep/MultiGraph;MultiGraph.__repr__;2
Bio/Pathway/Rep/MultiGraph;MultiGraph.__str__;7
Bio/Pathway/Rep/MultiGraph;MultiGraph.add_edge;8
Bio/Pathway/Rep/MultiGraph;MultiGraph.child_edges;3
Bio/Pathway/Rep/MultiGraph;MultiGraph.edges;3
Bio/Pathway/Rep/MultiGraph;MultiGraph.parent_edges;5
Bio/Pathway/Rep/MultiGraph;MultiGraph.remove_node;8
Bio/Pathway/Rep/MultiGraph;MultiGraph.add_node;2
Bio/Pathway/Rep/MultiGraph;MultiGraph.__eq__;3
Bio/PopGen/GenePop/Controller;_GenePopCommandline.set_menu;1
Bio/PopGen/GenePop/Controller;_GenePopCommandline.set_input;1
Bio/PopGen/GenePop/Controller;GenePopController._run_genepop;6
Bio/PopGen/GenePop/Controller;GenePopController._test_pop_hz_both;1
Bio/PopGen/GenePop/Controller;GenePopController._test_global_hz_both;10
Bio/PopGen/GenePop/Controller;GenePopController.test_pop_hz_prob;4
Bio/PopGen/GenePop/Controller;GenePopController.test_ld;12
Bio/PopGen/GenePop/Controller;GenePopController.estimate_nm;8
Bio/PopGen/GenePop/Controller;GenePopController.calc_allele_genotype_freqs;4
Bio/PopGen/GenePop/Controller;GenePopController._calc_diversities_fis;5
Bio/PopGen/GenePop/Controller;GenePopController.calc_fst_all;12
Bio/PopGen/GenePop/Controller;GenePopController.calc_fst_pair;6
Bio/PopGen/GenePop/Controller;GenePopController._calc_ibd;4
Bio/PopGen/GenePop/Controller;_FileIterator.__init__;1
Bio/PopGen/GenePop/Controller;_FileIterator.__iter__;1
Bio/PopGen/GenePop/Controller;GenePopController._get_opts;2
Bio/PopGen/GenePop/Controller;__init__;2
Bio/PopGen/GenePop/EasyController;EasyController.test_hw_pop;5
Bio/PopGen/GenePop/EasyController;EasyController.test_hw_global;2
Bio/PopGen/GenePop/EasyController;EasyController.test_ld_all_pair;8
Bio/PopGen/GenePop/EasyController;EasyController.get_alleles_all_pops;2
Bio/PopGen/GenePop/EasyController;EasyController.get_allele_frequency;4
Bio/PopGen/GenePop/EasyController;EasyController.get_f_stats;2
Bio/PopGen/GenePop/EasyController;EasyController.get_avg_fst_pair_locus;2
Bio/PopGen/GenePop/EasyController;EasyController.calc_ibd;1
Bio/PopGen/GenePop/EasyController;EasyController.get_fis;1
Bio/PopGen/GenePop/FileParser;FileRecord.__str__;9
Bio/PopGen/GenePop/FileParser;FileRecord.remove_population;14
Bio/PopGen/GenePop/FileParser;FileRecord.remove_locus_by_position;14
Bio/PopGen/GenePop/FileParser;FileRecord.remove_loci_by_position;14
Bio/PopGen/GenePop/FileParser;FileRecord.seek_position;8
Bio/PopGen/GenePop/FileParser;FileRecord.skip_population;5
Bio/PopGen/GenePop/FileParser;FileRecord.get_individual;4
Bio/PopGen/GenePop/FileParser;FileRecord.start_read;3
Bio/PopGen/GenePop/FileParser;FileRecord.skip_header;2
Bio/PopGen/GenePop/FileParser;FileRecord.remove_locus_by_name;2
Bio/PopGen/GenePop/FileParser;FileRecord.remove_loci_by_name;2
Bio/PopGen/GenePop/LargeFileParser;Record.data_generator;4
Bio/Restriction/PrintFormat;PrintFormat._make_list;1
Bio/Restriction/PrintFormat;PrintFormat._make_map;1
Bio/Restriction/PrintFormat;PrintFormat._make_number;1
Bio/Restriction/PrintFormat;PrintFormat._make_nocut;1
Bio/Restriction/PrintFormat;PrintFormat._make_number_only;10
Bio/Restriction/PrintFormat;PrintFormat._make_map_only;76
Bio/Restriction/PrintFormat;PrintFormat.__next_section;10
Bio/Restriction/PrintFormat;PrintFormat.format_output;3
Bio/Restriction/PrintFormat;PrintFormat._make_nocut_only;6
Bio/Restriction/PrintFormat;PrintFormat._make_list_only;2
Bio/Restriction/PrintFormat;PrintFormat.print_as;4
Bio/Restriction/Restriction;Blunt.catalyse;27
Bio/Restriction/Restriction;Ov5.catalyse;27
Bio/Restriction/Restriction;Ov3.catalyse;27
Bio/Restriction/Restriction;Defined._drop;21
Bio/Restriction/Restriction;Ambiguous._drop;21
Bio/Restriction/Restriction;NotDefined._drop;17
Bio/Restriction/Restriction;RestrictionBatch.__str__;7
Bio/Restriction/Restriction;FormattedSeq.__init__;5
Bio/Restriction/Restriction;FormattedSeq.__len__;1
Bio/Restriction/Restriction;FormattedSeq.finditer;4
Bio/Restriction/Restriction;OneCut._modify;1
Bio/Restriction/Restriction;OneCut._rev_modify;1
Bio/Restriction/Restriction;TwoCuts._modify;2
Bio/Restriction/Restriction;TwoCuts._rev_modify;2
Bio/Restriction/Restriction;Ov5.compatible_end;4
Bio/Restriction/Restriction;Ov3.compatible_end;4
Bio/Restriction/Restriction;Defined.elucidate;40
Bio/Restriction/Restriction;Ambiguous._mod2;11
Bio/Restriction/Restriction;Ambiguous.elucidate;220
Bio/Restriction/Restriction;NotDefined._mod2;1
Bio/Restriction/Restriction;Commercially_available.suppliers;1
Bio/Restriction/Restriction;RestrictionBatch.lambdasplit;3
Bio/Restriction/Restriction;RestrictionBatch.split;3
Bio/Restriction/Restriction;Analysis.change;14
Bio/Restriction/Restriction;NonPalindromic._search;5
Bio/Restriction/Restriction;RestrictionBatch.__init__;2
Bio/Restriction/Restriction;Analysis._boundaries;18
Bio/Restriction/Restriction;Analysis.only_between;8
Bio/Restriction/Restriction;Analysis.between;5
Bio/Restriction/Restriction;Analysis.only_outside;8
Bio/Restriction/Restriction;Analysis.outside;5
Bio/Restriction/Restriction;RestrictionType.__ne__;4
Bio/Restriction/Restriction;RestrictionType.__rshift__;6
Bio/Restriction/Restriction;RestrictionType.__mod__;2
Bio/Restriction/Restriction;RestrictionType.__ge__;10
Bio/Restriction/Restriction;RestrictionType.__gt__;10
Bio/Restriction/Restriction;RestrictionType.__le__;10
Bio/Restriction/Restriction;RestrictionType.__lt__;10
Bio/Restriction/Restriction;AbstractCut.is_equischizomer;2
Bio/Restriction/Restriction;AbstractCut.is_isoschizomer;4
Bio/Restriction/Restriction;AbstractCut.equischizomers;4
Bio/Restriction/Restriction;AbstractCut.neoschizomers;3
Bio/Restriction/Restriction;AbstractCut.isoschizomers;6
Bio/Restriction/Restriction;Blunt.compatible_end;2
Bio/Restriction/Restriction;RestrictionBatch.search;8
Bio/Restriction/Restriction;Analysis.format_output;2
Bio/Restriction/Restriction;Analysis.blunt;2
Bio/Restriction/Restriction;Analysis.overhang5;2
Bio/Restriction/Restriction;Analysis.overhang3;2
Bio/Restriction/Restriction;Analysis.defined;2
Bio/Restriction/Restriction;Analysis.with_sites;2
Bio/Restriction/Restriction;Analysis.without_site;3
Bio/Restriction/Restriction;Analysis.with_N_sites;3
Bio/Restriction/Restriction;Analysis.with_number_list;3
Bio/Restriction/Restriction;Analysis.with_name;5
Bio/Restriction/Restriction;Analysis.with_site_size;4
Bio/Restriction/Restriction;Analysis.do_not_cut;2
Bio/Restriction/Restriction;FormattedSeq.__eq__;3
Bio/Restriction/Restriction;FormattedSeq.__getitem__;1
Bio/Restriction/Restriction;RestrictionType.__init__;4
Bio/Restriction/Restriction;RestrictionType.__add__;2
Bio/Restriction/Restriction;AbstractCut.search;1
Bio/Restriction/Restriction;Palindromic._search;1
Bio/Restriction/Restriction;Ov5._mod1;1
Bio/Restriction/Restriction;Ov3._mod1;1
Bio/Restriction/Restriction;Defined._mod2;3
Bio/Restriction/Restriction;Commercially_available.supplier_list;1
Bio/Restriction/Restriction;RestrictionBatch.get;3
Bio/Restriction/Restriction;RestrictionBatch.format;3
Bio/Restriction/Restriction;Analysis.__init__;1
Bio/Restriction/Restriction;Analysis._sub_set;1
Bio/Restriction/Restriction;Analysis.show_only_between;12
Bio/Restriction/Restriction;search;1
Bio/Restriction/Restriction;all_suppliers;1
Bio/Restriction/Restriction;is_equischizomer;1
Bio/Restriction/Restriction;is_neoschizomer;1
Bio/Restriction/Restriction;is_isoschizomer;1
Bio/Restriction/Restriction;equischizomers;1
Bio/Restriction/Restriction;neoschizomers;1
Bio/Restriction/Restriction;isoschizomers;1
Bio/Restriction/Restriction;frequency;1
Bio/Restriction/Restriction;cut_once;3
Bio/Restriction/Restriction;cut_twice;3
Bio/Restriction/Restriction;_modify;3
Bio/Restriction/Restriction;_rev_modify;3
Bio/Restriction/Restriction;characteristic;3
Bio/Restriction/Restriction;is_methylable;2
Bio/Restriction/Restriction;_search;2
Bio/Restriction/Restriction;is_palindromic;2
Bio/Restriction/Restriction;catalyse;4
Bio/Restriction/Restriction;is_blunt;4
Bio/Restriction/Restriction;is_5overhang;4
Bio/Restriction/Restriction;is_3overhang;4
Bio/Restriction/Restriction;overhang;4
Bio/Restriction/Restriction;compatible_end;4
Bio/Restriction/Restriction;_mod1;4
Bio/Restriction/Restriction;_drop;3
Bio/Restriction/Restriction;is_defined;3
Bio/Restriction/Restriction;is_ambiguous;3
Bio/Restriction/Restriction;is_unknown;3
Bio/Restriction/Restriction;elucidate;3
Bio/Restriction/Restriction;_mod2;3
Bio/Restriction/Restriction;suppliers;2
Bio/Restriction/Restriction;supplier_list;2
Bio/Restriction/Restriction;buffers;2
Bio/Restriction/Restriction;is_comm;2
Bio/Restriction/Restriction;suppl_codes;1
Bio/Restriction/Restriction;show_codes;1
Bio/Restriction/Restriction;RestrictionType.__len__;2
Bio/Restriction/Restriction;RestrictionBatch.__contains__;2
Bio/Restriction/Restriction;__init__;6
Bio/Restriction/Restriction;__str__;4
Bio/Restriction/Restriction;__repr__;6
Bio/Restriction/Restriction;__hash__;2
Bio/Restriction/Restriction;__eq__;2
Bio/Restriction/Restriction;__ne__;2
Bio/Restriction/Restriction;__ge__;2
Bio/Restriction/Restriction;__gt__;2
Bio/Restriction/Restriction;__le__;2
Bio/Restriction/Restriction;__lt__;2
Bio/Restriction/Restriction;__contains__;2
Bio/Restriction/Restriction;remove;2
Bio/Restriction/Restriction;add;2
Bio/Restriction/Restriction;format_output;2
Bio/Restriction/Restriction;print_that;2
Bio/Restriction/Restriction;RestrictionBatch.is_restriction;1
Bio/Restriction/Restriction;Analysis._test_reverse;9
Bio/Restriction/Restriction;AbstractCut.is_neoschizomer;1
Bio/Restriction/Restriction;RestrictionType.__eq__;1
Bio/Restriction/Restriction;Analysis._test_normal;4
Bio/Restriction/Restriction;FormattedSeq.__repr__;1
Bio/Seq;SequenceDataAbstractBaseClass.split;2
Bio/Seq;SequenceDataAbstractBaseClass.rsplit;2
Bio/Seq;_SeqAbstractBaseClass.__repr__;17
Bio/Seq;_SeqAbstractBaseClass.split;4
Bio/Seq;_SeqAbstractBaseClass.rsplit;4
Bio/Seq;_SeqAbstractBaseClass.reverse_complement;30
Bio/Seq;_SeqAbstractBaseClass.reverse_complement_rna;11
Bio/Seq;Seq.__init__;35
Bio/Seq;MutableSeq.pop;2
Bio/Seq;_PartiallyDefinedSequenceData.__getitem__;68
Bio/Seq;_PartiallyDefinedSequenceData.__add__;18
Bio/Seq;_PartiallyDefinedSequenceData.__mul__;13
Bio/Seq;SequenceDataAbstractBaseClass.__add__;3
Bio/Seq;SequenceDataAbstractBaseClass.__radd__;1
Bio/Seq;SequenceDataAbstractBaseClass.__mul__;3
Bio/Seq;_SeqAbstractBaseClass.__add__;4
Bio/Seq;_SeqAbstractBaseClass.__radd__;2
Bio/Seq;_SeqAbstractBaseClass.count;6
Bio/Seq;_SeqAbstractBaseClass.count_overlap;11
Bio/Seq;_SeqAbstractBaseClass.find;5
Bio/Seq;_SeqAbstractBaseClass.rfind;5
Bio/Seq;_SeqAbstractBaseClass.index;6
Bio/Seq;_SeqAbstractBaseClass.rindex;6
Bio/Seq;_SeqAbstractBaseClass.translate;7
Bio/Seq;_UndefinedSequenceData.__add__;4
Bio/Seq;_UndefinedSequenceData.__radd__;1
Bio/Seq;_PartiallyDefinedSequenceData.__radd__;9
Bio/Seq;_PartiallyDefinedSequenceData.defined_ranges;1
Bio/Seq;_SeqAbstractBaseClass.complement;25
Bio/Seq;_SeqAbstractBaseClass.__mul__;2
Bio/Seq;_SeqAbstractBaseClass.__rmul__;2
Bio/Seq;_SeqAbstractBaseClass.__imul__;2
Bio/Seq;_SeqAbstractBaseClass.strip;6
Bio/Seq;_SeqAbstractBaseClass.lstrip;6
Bio/Seq;_SeqAbstractBaseClass.rstrip;6
Bio/Seq;_SeqAbstractBaseClass.upper;3
Bio/Seq;_SeqAbstractBaseClass.lower;3
Bio/Seq;_SeqAbstractBaseClass.complement_rna;5
Bio/Seq;_SeqAbstractBaseClass.transcribe;3
Bio/Seq;_SeqAbstractBaseClass.back_transcribe;3
Bio/Seq;_SeqAbstractBaseClass.join;6
Bio/Seq;_SeqAbstractBaseClass.replace;7
Bio/Seq;Seq.ungap;6
Bio/Seq;SequenceDataAbstractBaseClass.defined_ranges;3
Bio/Seq;_SeqAbstractBaseClass.__eq__;5
Bio/Seq;_SeqAbstractBaseClass.__lt__;8
Bio/Seq;_SeqAbstractBaseClass.__le__;8
Bio/Seq;_SeqAbstractBaseClass.__gt__;8
Bio/Seq;_SeqAbstractBaseClass.__ge__;8
Bio/Seq;_SeqAbstractBaseClass.__getitem__;1
Bio/Seq;_SeqAbstractBaseClass.__contains__;3
Bio/Seq;_SeqAbstractBaseClass.startswith;3
Bio/Seq;_SeqAbstractBaseClass.endswith;3
Bio/Seq;_SeqAbstractBaseClass.defined;1
Bio/Seq;_SeqAbstractBaseClass.defined_ranges;4
Bio/Seq;MutableSeq.__init__;5
Bio/Seq;MutableSeq.__setitem__;4
Bio/Seq;MutableSeq.extend;3
Bio/Seq;_UndefinedSequenceData.__getitem__;3
Bio/Seq;_UndefinedSequenceData.replace;2
Bio/Seq;_PartiallyDefinedSequenceData.replace;2
Bio/Seq;__len__;5
Bio/Seq;__getitem__;5
Bio/Seq;defined;8
Bio/Seq;defined_ranges;8
Bio/Seq;__init__;15
Bio/Seq;MutableSeq.remove;1
Bio/Seq;__hash__;4
Bio/Seq;__eq__;4
Bio/Seq;__lt__;4
Bio/Seq;__le__;4
Bio/Seq;__gt__;4
Bio/Seq;__ge__;4
Bio/Seq;__repr__;2
Bio/Seq;__str__;2
Bio/Seq;__bytes__;4
Bio/Seq;__add__;4
Bio/Seq;__radd__;4
Bio/Seq;upper;4
Bio/Seq;lower;4
Bio/Seq;isupper;4
Bio/Seq;islower;4
Bio/Seq;replace;4
Bio/Seq;__mul__;2
Bio/Seq;translate;2
Bio/Seq;SequenceDataAbstractBaseClass.__init__;2
Bio/Seq;SequenceDataAbstractBaseClass.__eq__;1
Bio/Seq;SequenceDataAbstractBaseClass.__lt__;2
Bio/Seq;SequenceDataAbstractBaseClass.__le__;2
Bio/Seq;SequenceDataAbstractBaseClass.__gt__;2
Bio/Seq;SequenceDataAbstractBaseClass.__ge__;2
Bio/SeqFeature;Location.fromstring;65
Bio/SeqFeature;SimpleLocation.fromstring;60
Bio/SeqFeature;SimpleLocation._set_strand;6
Bio/SeqFeature;SimpleLocation.__str__;16
Bio/SeqFeature;SimpleLocation.__sub__;3
Bio/SeqFeature;SimpleLocation.__iter__;8
Bio/SeqFeature;SimpleLocation._flip;14
Bio/SeqFeature;SimpleLocation.extract;13
Bio/SeqFeature;Position.fromstring;31
Bio/SeqFeature;OneOfPosition.__str__;5
Bio/SeqFeature;OneOfPosition._flip;4
Bio/SeqFeature;SeqFeature.translate;9
Bio/SeqFeature;SimpleLocation.__len__;1
Bio/SeqFeature;SimpleLocation._shift;4
Bio/SeqFeature;CompoundLocation.__init__;6
Bio/SeqFeature;CompoundLocation.__str__;1
Bio/SeqFeature;CompoundLocation.__add__;7
Bio/SeqFeature;CompoundLocation.__radd__;3
Bio/SeqFeature;CompoundLocation.extract;1
Bio/SeqFeature;ExactPosition.__repr__;1
Bio/SeqFeature;ExactPosition.__add__;1
Bio/SeqFeature;ExactPosition._flip;1
Bio/SeqFeature;WithinPosition.__new__;6
Bio/SeqFeature;WithinPosition.__repr__;1
Bio/SeqFeature;WithinPosition.extension;1
Bio/SeqFeature;WithinPosition.__add__;3
Bio/SeqFeature;WithinPosition._flip;3
Bio/SeqFeature;BetweenPosition.__repr__;1
Bio/SeqFeature;BetweenPosition.extension;1
Bio/SeqFeature;BetweenPosition.__add__;3
Bio/SeqFeature;BetweenPosition._flip;3
Bio/SeqFeature;BeforePosition.__repr__;1
Bio/SeqFeature;BeforePosition.__add__;1
Bio/SeqFeature;BeforePosition._flip;1
Bio/SeqFeature;AfterPosition.__repr__;1
Bio/SeqFeature;AfterPosition.__add__;1
Bio/SeqFeature;AfterPosition._flip;1
Bio/SeqFeature;OneOfPosition.extension;1
Bio/SeqFeature;OneOfPosition.__repr__;1
Bio/SeqFeature;OneOfPosition.__add__;2
Bio/SeqFeature;SeqFeature.__repr__;15
Bio/SeqFeature;SeqFeature.__str__;7
Bio/SeqFeature;Reference.__str__;9
Bio/SeqFeature;SimpleLocation.__repr__;6
Bio/SeqFeature;SeqFeature.__init__;10
Bio/SeqFeature;SimpleLocation.__contains__;8
Bio/SeqFeature;SimpleLocation.__eq__;8
Bio/SeqFeature;CompoundLocation.__eq__;8
Bio/SeqFeature;OneOfPosition.__new__;2
Bio/SeqFeature;SeqFeature._set_strand;4
Bio/SeqFeature;SeqFeature._set_ref;4
Bio/SeqFeature;SeqFeature._set_location_operator;3
Bio/SeqFeature;SeqFeature.extract;1
Bio/SeqFeature;SeqFeature.__contains__;1
Bio/SeqFeature;SimpleLocation.__init__;8
Bio/SeqFeature;SimpleLocation.__add__;2
Bio/SeqFeature;SimpleLocation.__radd__;1
Bio/SeqFeature;SimpleLocation.nofuzzy_start;3
Bio/SeqFeature;SimpleLocation.nofuzzy_end;3
Bio/SeqFeature;CompoundLocation._get_strand;2
Bio/SeqFeature;CompoundLocation.__contains__;2
Bio/SeqFeature;CompoundLocation.nofuzzy_start;3
Bio/SeqFeature;CompoundLocation.nofuzzy_end;3
Bio/SeqFeature;ExactPosition.__new__;2
Bio/SeqFeature;BeforePosition.__new__;2
Bio/SeqFeature;AfterPosition.__new__;2
Bio/SeqFeature;__repr__;24
Bio/SeqFeature;fromstring;4
Bio/SeqFeature;parts;1
Bio/SeqFeature;start;2
Bio/SeqFeature;end;2
Bio/SeqFeature;nofuzzy_start;2
Bio/SeqFeature;nofuzzy_end;2
Bio/SeqFeature;ref;1
Bio/SeqFeature;ref_db;1
Bio/SeqFeature;position;13
Bio/SeqFeature;extension;10
Bio/SeqFeature;SeqFeature._get_ref;2
Bio/SeqFeature;SeqFeature._get_ref_db;2
Bio/SeqFeature;SeqFeature._get_location_operator;2
Bio/SeqFeature;__init__;4
Bio/SeqFeature;__str__;16
Bio/SeqFeature;__eq__;4
Bio/SeqFeature;__new__;12
Bio/SeqFeature;__add__;12
Bio/SeqFeature;__hash__;2
Bio/SeqFeature;__getnewargs__;6
Bio/SeqFeature;SeqFeature.__eq__;5
Bio/SeqFeature;Reference.__eq__;9
Bio/SeqFeature;BetweenPosition.__new__;3
Bio/SeqRecord;SeqRecord.__getitem__;23
Bio/SeqRecord;SeqRecord.reverse_complement;22
Bio/SeqRecord;SeqRecord.__str__;9
Bio/SeqRecord;SeqRecord.__format__;6
Bio/SeqRecord;SeqRecord.__add__;19
Bio/SeqRecord;SeqRecord.__radd__;2
Bio/SeqRecord;_RestrictedDict.__setitem__;6
Bio/SeqRecord;SeqRecord.__init__;19
Bio/SeqRecord;SeqRecord._set_per_letter_annotations;4
Bio/SeqRecord;SeqRecord._set_seq;5
Bio/SeqRecord;SeqRecord.__contains__;1
Bio/SeqRecord;SeqRecord.translate;16
Bio/SeqRecord;__init__;2
Bio/SeqRecord;__setitem__;2
Bio/SeqRecord;update;2
Bio/SeqUtils/IsoelectricPoint;IsoelectricPoint._update_pKs_tables;6
Bio/SeqUtils/IsoelectricPoint;IsoelectricPoint.charge_at_pH;19
Bio/SeqUtils/IsoelectricPoint;IsoelectricPoint.pi;10
Bio/SeqUtils/IsoelectricPoint;IsoelectricPoint.__init__;2
Bio/SeqUtils/ProtParam;ProteinAnalysis.gravy;8
Bio/SeqUtils/ProtParam;ProteinAnalysis.get_amino_acids_percent;3
Bio/SeqUtils/ProtParam;ProteinAnalysis.instability_index;10
Bio/SeqUtils/ProtParam;ProteinAnalysis.flexibility;19
Bio/SeqUtils/ProtParam;ProteinAnalysis._weight_list;18
Bio/SeqUtils/ProtParam;ProteinAnalysis.protein_scale;33
Bio/SeqUtils/ProtParam;ProteinAnalysis.molar_extinction_coefficient;13
Bio/SeqUtils/ProtParam;ProteinAnalysis.count_amino_acids;1
Bio/Sequencing/Ace;ds.__init__;14
Bio/Sequencing/Ace;ACEFileRecord.sort;20
Bio/Sequencing/Ace;qa.__init__;1
Bio/Sequencing/Ace;af.__init__;1
Bio/Sequencing/Ace;bs.__init__;1
Bio/Sequencing/Ace;rt.__init__;1
Bio/Sequencing/Ace;ct.__init__;3
Bio/Sequencing/Ace;wa.__init__;1
Bio/Sequencing/Ace;wr.__init__;1
Bio/Sequencing/Ace;Reads.__init__;1
Bio/Sequencing/Ace;Contig.__init__;1
Bio/Sequencing/Applications/_Novoalign;NovoalignCommandline.__init__;6
Bio/Sequencing/Applications/_Novoalign;__init__;2
Bio/Sequencing/Applications/_bwa;BwaIndexCommandline.__init__;1
Bio/Sequencing/Applications/_bwa;__init__;12
Bio/Sequencing/Applications/_samtools;__init__;30
Bio/SwissProt/KeyWList;__init__;2
Bio/bgzf;BgzfReader.read;22
Bio/bgzf;BgzfReader.readline;21
Bio/bgzf;BgzfWriter._write_block;18
Bio/bgzf;BgzfReader._load_block;13
Bio/bgzf;BgzfReader.tell;9
Bio/bgzf;BgzfReader.seek;16
Bio/bgzf;BgzfWriter.write;12
Bio/bgzf;BgzfReader.__init__;12
Bio/bgzf;BgzfReader.__next__;2
Bio/bgzf;BgzfWriter.__init__;12
Bio/bgzf;BgzfWriter.flush;5
Bio/bgzf;BgzfWriter.close;1
Bio/motifs/alignace;__init__;2
Bio/motifs/applications/_xxmotif;XXmotifCommandline.__init__;9
Bio/motifs/applications/_xxmotif;__init__;2
Bio/motifs/clusterbuster;__str__;2
Bio/motifs/mast;Record.__getitem__;3
Bio/motifs/mast;__init__;2
Bio/motifs/mast;__getitem__;2
Bio/motifs/meme;Record.__getitem__;3
Bio/motifs/meme;__init__;6
Bio/motifs/meme;__getitem__;2
Bio/motifs/minimal;Record.__getitem__;3
Bio/motifs/minimal;__init__;2
Bio/motifs/minimal;__getitem__;2
Bio/motifs/pfm;__str__;2
Bio/motifs/thresholds;ScoreDistribution.__init__;41
Bio/motifs/thresholds;ScoreDistribution.threshold_fnr;11
Bio/motifs/thresholds;ScoreDistribution.threshold_patser;3
Bio/motifs/thresholds;ScoreDistribution._index_diff;7
Bio/motifs/thresholds;ScoreDistribution._add;2
Bio/motifs/thresholds;ScoreDistribution.modify;14
Bio/motifs/thresholds;ScoreDistribution.threshold_fpr;9
Bio/motifs/thresholds;ScoreDistribution.threshold_balanced;18
Bio/motifs/transfac;__init__;2
Bio/motifs/transfac;__str__;2
Bio/motifs/xms;XMSScanner.get_property_value;10
Bio/motifs/xms;XMSScanner.__init__;2
Bio/motifs/xms;XMSScanner.get_acgt;8
Bio/motifs/xms;XMSScanner.get_text;3
Bio/motifs/xms;__str__;2
Bio/phenotype/phen_micro;PlateRecord.__repr__;13
Bio/phenotype/phen_micro;WellRecord.__repr__;8
Bio/phenotype/phen_micro;PlateRecord.__getitem__;31
Bio/phenotype/phen_micro;PlateRecord.__setitem__;5
Bio/phenotype/phen_micro;PlateRecord.__add__;5
Bio/phenotype/phen_micro;PlateRecord.__sub__;5
Bio/phenotype/phen_micro;PlateRecord.get_column;2
Bio/phenotype/phen_micro;PlateRecord.subtract_control;8
Bio/phenotype/phen_micro;PlateRecord.__str__;6
Bio/phenotype/phen_micro;WellRecord.__add__;3
Bio/phenotype/phen_micro;WellRecord.__sub__;3
Bio/phenotype/phen_micro;WellRecord.__str__;6
Bio/phenotype/phen_micro;JsonWriter.write;2
Bio/phenotype/phen_micro;WellRecord.__eq__;8
Bio/phenotype/phen_micro;WellRecord.fit;7
Bio/phenotype/phen_micro;PlateRecord._is_well;2
Bio/phenotype/phen_micro;PlateRecord.__delitem__;2
Bio/phenotype/phen_micro;PlateRecord.__init__;2
Bio/phenotype/phen_micro;PlateRecord.__contains__;2
Bio/phenotype/phen_micro;PlateRecord.__eq__;2
Bio/phenotype/phen_micro;PlateRecord.get_row;4
Bio/phenotype/phen_micro;WellRecord.__init__;2
Bio/phenotype/phen_micro;WellRecord.__getitem__;5
Bio/phenotype/phen_micro;WellRecord.__setitem__;2
Bio/phenotype/phen_micro;PlateRecord._update;1
